rate,f0,vowel,cents,engine,pitch_error_cents,inharmonic_db,envelope_rmse_db,formant_fit_residual_db,rms_gain_db,rms_modulation_db,peak,dc,max_step,F1_hz,F1_error_hz,F1_error_percent,F2_hz,F2_error_hz,F2_error_percent,F3_hz,F3_error_hz,F3_error_percent
48000,90,ah,0,legacy,-0.00417198918954573,-53.09566675375805,2.42983933257497,2.428760903095564,0.0,1.0376271801915542,0.160003662109375,-9.5367431640625e-08,0.017181396484375,730.0,0.0,0.0,1090.0,0.0,0.0,2434.0,-6.0,-0.24590163934425924
48000,90,ah,0,synchronous,-0.00417198918954573,-53.09566675375805,2.42983933257497,2.428760903095564,0.0,1.0376271801915542,0.160003662109375,-9.5367431640625e-08,0.017181396484375,730.0,0.0,0.0,1090.0,0.0,0.0,2434.0,-6.0,-0.24590163934425924
48000,90,ah,0,spectral,-0.00417198918954573,-53.09566675375805,2.42983933257497,2.428760903095564,0.0,1.0376271801915542,0.160003662109375,-9.5367431640625e-08,0.017181396484375,730.0,0.0,0.0,1090.0,0.0,0.0,2434.0,-6.0,-0.24590163934425924
48000,90,ah,-0.1,legacy,-0.0043223543696341805,-53.17663812566839,2.460044881777343,2.4571196845945487,-0.0073123481716071215,1.0900441075551774,0.15996932983398438,-2.46390700340271e-07,0.01717960834503174,728.0,-2.0,-0.2739726027397249,1089.0,-1.0,-0.09174311926605228,2434.0,-6.0,-0.24590163934425924
48000,90,ah,-0.1,synchronous,-0.004205410072040172,-52.838192003190365,2.4509799024733216,2.4483447372148874,-0.008988397294693907,1.9121545620914757,0.15999126434326172,-1.4047366049554613e-06,0.017181396484375,728.0,-2.0,-0.2739726027397249,1089.0,-1.0,-0.09174311926605228,2434.0,-6.0,-0.24590163934425924
48000,90,ah,-0.1,spectral,-0.004270532334681119,-53.1199834331733,2.7952495196165845,2.7815123788416782,-0.011066245476975404,1.0775840384238293,0.1614600419998169,-4.82329891787635e-07,0.01736629009246826,728.0,-2.0,-0.2739726027397249,1086.0,-4.0,-0.3669724770642202,2425.0,-15.0,-0.6147540983606592
48000,90,ah,0.1,legacy,-0.003998832677327609,-53.34193777837592,2.4492254479295084,2.4465681498265437,-0.007810921536584277,1.1503765267726809,0.15997588634490967,9.917964537938436e-08,0.0171816349029541,730.0,0.0,0.0,1087.0,-3.0,-0.27522935779816793,2433.0,-7.0,-0.2868852459016358
48000,90,ah,0.1,synchronous,-0.004009563495850044,-52.95931897065295,2.438314625132451,2.435817768422888,-0.009230479878109002,1.7752731164263993,0.15999579429626465,9.686499834060668e-07,0.0171811580657959,730.0,0.0,0.0,1087.0,-3.0,-0.27522935779816793,2433.0,-7.0,-0.2868852459016358
48000,90,ah,0.1,spectral,-0.004076424677249175,-53.28399979989891,3.281906565006332,3.2607325020109013,-0.011960975307937972,1.1380298838348963,0.16202819347381592,1.86463197072347e-07,0.01737368106842041,727.0,-3.0,-0.4109589041095929,1086.0,-4.0,-0.3669724770642202,2420.0,-20.0,-0.8196721311475419
48000,90,ah,-1,legacy,-0.010221247260778889,-52.98683198224975,2.4396081173329294,2.435409031809591,-0.014427005074086282,1.5745953978880385,0.15996134281158447,9.563511444462671e-06,0.017170310020446777,728.0,-2.0,-0.2739726027397249,1089.0,-1.0,-0.09174311926605228,2431.0,-9.0,-0.36885245901638886
48000,90,ah,-1,synchronous,-0.0035779028254319958,-52.745693435571056,2.4472611013384835,2.4439781932031632,-0.007031812206063106,2.189396593164798,0.16002380847930908,1.5263549155659145e-06,0.017183423042297363,728.0,-2.0,-0.2739726027397249,1089.0,-1.0,-0.09174311926605228,2434.0,-6.0,-0.24590163934425924
48000,90,ah,-1,spectral,-0.0036382862227929786,-53.169687017570936,2.7788501090811577,2.7603589003341513,-0.10682794662965561,1.5459897905751103,0.160003662109375,8.102825118435753e-06,0.017206668853759766,727.0,-3.0,-0.4109589041095929,1083.0,-7.0,-0.6422018348623881,2423.0,-17.0,-0.6967213114754123
48000,90,ah,1,legacy,0.004437084073338069,-53.04422370276252,2.439932026360135,2.4386528185656315,-0.018756418474114068,1.524880748980858,0.15995335578918457,8.202302787039015e-06,0.01718902587890625,730.0,0.0,0.0,1087.0,-3.0,-0.27522935779816793,2434.0,-6.0,-0.24590163934425924
48000,90,ah,1,synchronous,-0.002117382008453628,-52.807008497318165,2.422800437961283,2.4208281752393175,-0.009708293477445229,1.5541439342245256,0.15994620323181152,-4.239057501157125e-06,0.017178893089294434,730.0,0.0,0.0,1087.0,-3.0,-0.27522935779816793,2433.0,-7.0,-0.2868852459016358
48000,90,ah,1,spectral,-0.0021925063113651354,-53.22712816314157,3.0662387419154538,3.04511825001306,-0.11403104170418377,1.4564765333937546,0.160003662109375,8.099873860677084e-06,0.017181396484375,727.0,-3.0,-0.4109589041095929,1083.0,-7.0,-0.6422018348623881,2420.0,-20.0,-0.8196721311475419
48000,90,ah,-5,legacy,-0.1661131335188523,-53.30796631452387,2.495389066891302,2.480675217868247,-0.21035892760021033,2.172371107323943,0.1598743200302124,1.7123172680536905e-06,0.017125368118286133,728.0,-2.0,-0.2739726027397249,1086.0,-4.0,-0.3669724770642202,2425.0,-15.0,-0.6147540983606592
48000,90,ah,-5,synchronous,0.0010123162011944622,-52.960280312465656,2.113217928024596,2.1056803819180767,-0.006382467770417662,1.9644852902042276,0.16009509563446045,2.4932064116001128e-05,0.017192721366882324,727.0,-3.0,-0.4109589041095929,1087.0,-3.0,-0.27522935779816793,2430.0,-10.0,-0.4098360655737654
48000,90,ah,-5,spectral,0.0009854722757600325,-53.40709793574298,2.807259442353001,2.7880665048775923,-0.4862392164375051,2.1961301560771513,0.160003662109375,1.636178129249149e-05,0.017181396484375,724.0,-6.0,-0.8219178082191747,1083.0,-7.0,-0.6422018348623881,2425.0,-15.0,-0.6147540983606592
48000,90,ah,5,legacy,0.16682876239965658,-53.17513111984324,2.4128497852302826,2.4125893754882033,-0.22346622338097105,2.162320382150717,0.15984821319580078,-2.482152647442288e-05,0.017218470573425293,731.0,1.0,0.136986301369868,1090.0,0.0,0.0,2440.0,0.0,0.0
48000,90,ah,5,synchronous,0.0011924597180279367,-52.92645121565529,2.181673712408931,2.1805552430792092,-0.018516559690424376,2.1278668120449855,0.1598677635192871,-1.0350450045532651e-05,0.01717090606689453,730.0,0.0,0.0,1090.0,0.0,0.0,2437.0,-3.0,-0.12295081967212962
48000,90,ah,5,spectral,0.0010945544662577867,-53.3336298286467,2.9949192293262983,2.9846354713114813,-0.5117999925592918,2.147997448747213,0.160003662109375,-2.3111038737826877e-05,0.017181396484375,724.0,-6.0,-0.8219178082191747,1083.0,-7.0,-0.6422018348623881,2430.0,-10.0,-0.4098360655737654
48000,90,ah,-10,legacy,-0.6827552333929117,-53.27531303945059,2.5936856311087926,2.5586447202770013,-0.8329971976269601,2.937003146495994,0.1596757173538208,6.388430380158954e-05,0.01706671714782715,728.0,-2.0,-0.2739726027397249,1080.0,-10.0,-0.917431192660545,2418.0,-22.0,-0.901639344262295
48000,90,ah,-10,synchronous,0.003952872410565135,-52.51292259032323,1.7884826131102158,1.7706756875369236,-0.020271568497582118,2.127771226878325,0.16017639636993408,3.145679417583677e-05,0.01720595359802246,727.0,-3.0,-0.4109589041095929,1086.0,-4.0,-0.3669724770642202,2427.0,-13.0,-0.5327868852459061
48000,90,ah,-10,spectral,0.003986656797893301,-53.26091358464285,2.867815171951308,2.8343681120090616,-0.7888744631100002,2.1400186039257214,0.160003662109375,4.721362143754959e-05,0.017181396484375,724.0,-6.0,-0.8219178082191747,1086.0,-4.0,-0.3669724770642202,2415.0,-25.0,-1.0245901639344246
48000,90,ah,10,legacy,0.6910527136249083,-53.37362318919589,2.3328994382319563,2.3253889759924125,-0.8298222121565356,2.8443937822979133,0.15965259075164795,-1.0339584615495469e-06,0.01725780963897705,737.0,7.0,0.9589041095890316,1093.0,3.0,0.2752293577981568,2447.0,7.0,0.2868852459016358
48000,90,ah,10,synchronous,0.0035713681653887705,-52.95305967435094,2.0206824241414716,2.0189610936559697,-0.01376448459030629,2.1398082764482718,0.1596987247467041,6.466346896357006e-05,0.01715993881225586,730.0,0.0,0.0,1090.0,0.0,0.0,2436.0,-4.0,-0.16393442622950616
48000,90,ah,10,spectral,0.003459246504795724,-53.32492679332784,2.960904419792381,2.9469052608139332,-0.8086029906513013,2.053397339946184,0.160003662109375,-3.8236752152442935e-06,0.017181396484375,727.0,-3.0,-0.4109589041095929,1090.0,0.0,0.0,2423.0,-17.0,-0.6967213114754123
48000,90,ah,-25,legacy,-4.396277380173057,-50.587282086761824,3.799728788994837,3.6617034873589445,-3.4312006934797443,5.348298678211888,0.15955495834350586,-2.8595274521244898e-05,0.016884565353393555,746.0,16.0,2.191780821917799,1047.0,-43.0,-3.94495412844037,2383.0,-57.0,-2.336065573770496
48000,90,ah,-25,synchronous,0.003939700411971864,-52.731176242001695,2.027705716306165,2.012941292190997,-0.11416738951656084,2.2670050996729842,0.16046273708343506,-2.9787884818183052e-05,0.017258405685424805,724.0,-6.0,-0.8219178082191747,1083.0,-7.0,-0.6422018348623881,2431.0,-9.0,-0.36885245901638886
48000,90,ah,-25,spectral,0.004107903283524542,-53.11950362740553,2.9899961360640384,2.9439239673105004,-0.37994993480515615,2.237549031669282,0.160003662109375,-4.795694516764747e-06,0.017181396484375,727.0,-3.0,-0.4109589041095929,1080.0,-10.0,-0.917431192660545,2413.0,-27.0,-1.1065573770491777
48000,90,ah,25,legacy,4.359328154431897,-50.62637564547859,3.9572643212926986,3.8831838746509333,-3.4328558842702233,5.410318218722087,0.1597069501876831,8.168278468979729e-07,0.01738440990447998,767.0,37.0,5.068493150684938,1077.0,-13.0,-1.1926605504587129,2444.0,4.0,0.16393442622950616
48000,90,ah,25,synchronous,0.004051308466622732,-52.835258065358246,1.881903827218754,1.875391598126365,-0.049403518308167624,2.0203787271060296,0.15890586376190186,-3.8731015390819976e-07,0.0171128511428833,730.0,0.0,0.0,1087.0,-3.0,-0.27522935779816793,2430.0,-10.0,-0.4098360655737654
48000,90,ah,25,spectral,0.00395435602636712,-53.19735686423976,2.625207134678917,2.623639421027292,-0.40777855151841785,1.9294874730239213,0.160003662109375,2.4407166573736404e-05,0.017181396484375,734.0,4.0,0.5479452054794498,1087.0,-3.0,-0.27522935779816793,2437.0,-3.0,-0.12295081967212962
48000,90,ah,-50,legacy,-4.906335139198457,-52.36861350912206,3.2433971240573674,2.8705671566032427,-1.7593231037663972,6.592544267668928,0.15960705280303955,1.7702165577146742e-07,0.01667916774749756,718.0,-12.0,-1.6438356164383605,1050.0,-40.0,-3.669724770642202,2361.0,-79.0,-3.237704918032791
48000,90,ah,-50,synchronous,-0.004193526848989643,-52.6730435691594,1.9229222585666441,1.9140808530383377,-0.23754107534325344,2.3854509807082076,0.16125702857971191,1.3368667827712166e-05,0.017392635345458984,724.0,-6.0,-0.8219178082191747,1086.0,-4.0,-0.3669724770642202,2440.0,0.0,0.0
48000,90,ah,-50,spectral,-0.0041246371096709976,-53.10043543530536,2.9371881345535495,2.847436371226735,-0.4858094331481133,2.2634062114447833,0.160003662109375,3.753509786393907e-05,0.017181396484375,723.0,-7.0,-0.9589041095890427,1077.0,-13.0,-1.1926605504587129,2403.0,-37.0,-1.5163934426229542
48000,90,ah,50,legacy,4.356104173184905,-53.27999394642711,2.801675382424384,2.523078952947116,-1.7830065365104044,5.943163936289047,0.15989243984222412,-4.8935810724894205e-05,0.01767599582672119,760.0,30.0,4.109589041095885,1114.0,24.0,2.2018348623853212,2500.0,60.0,2.4590163934426146
48000,90,ah,50,synchronous,-0.0008136836899731772,-52.87544792454949,1.7735198516100263,1.7701721653518687,-0.29776547552826904,1.940636214966501,0.1565384864807129,-5.6450735363695355e-05,0.01692509651184082,727.0,-3.0,-0.4109589041095929,1087.0,-3.0,-0.27522935779816793,2434.0,-6.0,-0.24590163934425924
48000,90,ah,50,spectral,-0.0008143064775103387,-53.24202304826325,2.437766461437401,2.426736477341853,-0.6047125893241821,1.8756955726599287,0.160003662109375,-6.024254279004203e-05,0.017181396484375,736.0,6.0,0.8219178082191858,1097.0,7.0,0.6422018348623881,2450.0,10.0,0.4098360655737654
48000,90,ah,-100,legacy,-13.035717425954045,-50.21809265935944,4.201496990943332,3.188437816788766,-1.5067333847903552,6.377470309105159,0.1597580909729004,-4.219052692254384e-05,0.016193151473999023,703.0,-27.0,-3.698630136986303,1017.0,-73.0,-6.697247706422016,2290.0,-150.0,-6.147540983606559
48000,90,ah,-100,synchronous,-0.0008716163974336421,-52.90508163991252,2.12878913670423,2.1248610475824474,-0.4318191479759744,2.516620298248109,0.16363513469696045,-1.4638275735908084e-05,0.01764547824859619,724.0,-6.0,-0.8219178082191747,1090.0,0.0,0.0,2437.0,-3.0,-0.12295081967212962
48000,90,ah,-100,spectral,-0.0008719741291206738,-53.269356610280106,3.0140211913780597,2.80901918173875,-0.5665164614359779,2.3954548606785493,0.1629331111907959,1.777773102124532e-05,0.017181396484375,714.0,-16.0,-2.1917808219178103,1066.0,-24.0,-2.2018348623853212,2385.0,-55.0,-2.254098360655743
48000,90,ah,100,legacy,11.546167940557138,-49.40952682407708,3.6779626651533257,2.4131191968565107,-1.6656826350289182,5.635397599195485,0.15972959995269775,-1.9036585258113015e-05,0.01818990707397461,790.0,60.0,8.219178082191792,1150.0,60.0,5.504587155963292,2593.0,153.0,6.270491803278699
48000,90,ah,100,synchronous,0.003618768567971465,-52.462437714822684,2.5337224106155323,2.5256889671832847,-0.5538679951626555,1.203246885238008,0.15125513076782227,6.154206064012316e-05,0.016363143920898438,724.0,-6.0,-0.8219178082191747,1086.0,-4.0,-0.3669724770642202,2431.0,-9.0,-0.36885245901638886
48000,90,ah,100,spectral,0.003466749635173775,-52.83245042711398,1.6446282205875271,1.5485066966845404,-0.8912333130703519,1.1144905371697635,0.160003662109375,-5.994886159896851e-06,0.017181396484375,740.0,10.0,1.3698630136986356,1104.0,14.0,1.2844036697247763,2463.0,23.0,0.9426229508196826
48000,90,ah,-200,legacy,-23.784530587052032,-38.79375688557529,6.098235056500894,3.7469837373142547,-2.000615458641314,7.052905587905678,0.15973114967346191,5.594252712196774e-05,0.015304327011108398,663.0,-67.0,-9.178082191780824,963.0,-127.0,-11.651376146788994,2170.0,-270.0,-11.065573770491799
48000,90,ah,-200,synchronous,-0.0015635656760377438,-52.98616254066868,2.071729664486517,2.0705435079965273,-0.2145837194230859,2.766008145106083,0.16845595836639404,-3.7983101275232103e-06,0.018162250518798828,731.0,1.0,0.136986301369868,1090.0,0.0,0.0,2437.0,-3.0,-0.12295081967212962
48000,90,ah,-200,spectral,-0.0013668967120018546,-52.537732681166474,4.327068547078341,4.092985559976284,-0.5743985141168537,2.658186218808056,0.1666163206100464,9.056884381506178e-07,0.017181396484375,697.0,-33.0,-4.520547945205477,1060.0,-30.0,-2.752293577981646,2361.0,-79.0,-3.237704918032791
48000,90,ah,200,legacy,20.90050335083615,-36.261177024754154,5.370993818376121,1.6381865177781119,-1.7583292138514994,5.412011737150564,0.15960073471069336,-1.4359379808108012e-05,0.01926255226135254,834.9999999999999,104.99999999999989,14.383561643835607,1213.0,123.0,11.284403669724764,2726.0,286.0,11.721311475409845
48000,90,ah,200,synchronous,-0.0026717220119090775,-52.69636281640189,2.050611693581711,2.048619965878407,-0.08689972785951244,0.03827567801809375,0.15009701251983643,1.3251445359653897e-05,0.016495585441589355,727.0,-3.0,-0.4109589041095929,1090.0,0.0,0.0,2437.0,-3.0,-0.12295081967212962
48000,90,ah,200,spectral,-0.0026863903328119033,-52.282858889474056,2.040991095758928,1.841828977403222,-1.4602832675158994,0.30355617666887247,0.160003662109375,2.4980418384075165e-05,0.017181396484375,757.0,27.0,3.698630136986303,1126.0,36.0,3.3027522935779707,2470.0,30.0,1.2295081967213184
48000,90,ah,-300,legacy,-36.749759011712214,-31.1463313685349,8.074091563065833,4.8028972043182945,-1.9698306411744435,5.351430149002072,0.1597886085510254,-2.087477594614029e-05,0.014444112777709961,627.0,-103.0,-14.109589041095894,910.0,-180.0,-16.51376146788991,2057.0,-383.0,-15.696721311475414
48000,90,ah,-300,synchronous,-0.004580868559620001,-52.83683252133402,2.1993053916482572,2.1960772543488574,-0.3151758802906301,2.94100751623823,0.17338740825653076,-5.274836801820331e-05,0.01869511604309082,727.0,-3.0,-0.4109589041095929,1087.0,-3.0,-0.27522935779816793,2436.0,-4.0,-0.16393442622950616
48000,90,ah,-300,spectral,-0.00467606168605795,-51.263665462952375,4.880360610844054,4.656396437430628,-0.5861883863078153,2.759648137564028,0.17377400398254395,-2.189728948805067e-05,0.017584800720214844,710.0,-20.0,-2.73972602739726,1057.0,-33.0,-3.027522935779814,2353.0,-87.0,-3.5655737704918034
48000,90,ah,300,legacy,30.33613926916988,-24.71258702878027,7.573738041556028,1.6397788344445474,-1.8897052099192189,4.722967223336735,0.1597830057144165,-2.5166567001077863e-05,0.020408272743225098,884.9999999999999,154.9999999999999,21.23287671232874,1286.0,196.0,17.98165137614678,2889.0,449.0,18.40163934426229
48000,90,ah,300,synchronous,0.0036305511961288437,-52.877780283075175,1.7578295666189026,1.7560877099194756,-0.27091746529616345,1.2133473504895156,0.14595282077789307,-3.4379793537987604e-06,0.015895962715148926,730.0,0.0,0.0,1087.0,-3.0,-0.27522935779816793,2437.0,-3.0,-0.12295081967212962
48000,90,ah,300,spectral,0.0034308808521633055,-51.660330044409825,2.3123446839109825,2.1448528751235476,-1.8007146224630817,1.2116872529331255,0.160003662109375,-2.064749598503113e-05,0.017181396484375,777.0,47.0,6.438356164383552,1113.0,23.0,2.110091743119269,2483.0,43.0,1.7622950819672134
48000,90,ah,-500,legacy,-65.63103461245377,-12.923388331096607,10.864379577872482,5.816926921176984,-1.9546354072712988,6.591569715662912,0.15993046760559082,-1.497127115726471e-05,0.012866854667663574,561.0,-169.0,-23.15068493150685,810.0,-280.0,-25.688073394495415,1841.0,-599.0,-24.549180327868847
48000,90,ah,-500,synchronous,0.0031163076945326597,-52.7246675814977,1.857305935535376,1.8546718145082943,-0.2397873711989544,2.90845384455787,0.1837003231048584,3.0016638338565825e-05,0.019803762435913086,728.0,-2.0,-0.2739726027397249,1090.0,0.0,0.0,2434.0,-6.0,-0.24590163934425924
48000,90,ah,-500,spectral,0.00338790971326971,-49.36070527040617,7.462265455016164,6.495157464175557,0.08512465545142414,2.8018773993389607,0.17550289630889893,3.66196119123035e-05,0.018027305603027344,726.0,-4.0,-0.5479452054794498,1047.0,-43.0,-3.94495412844037,2143.0,-297.0,-12.172131147540988
48000,90,ah,500,legacy,47.5943267401976,-7.73086706986598,11.168344029773607,1.764094800053629,-1.8561544885197836,4.761988334045218,0.15954148769378662,-1.083980831835005e-06,0.022915363311767578,994.9999999999999,264.9999999999999,36.30136986301369,1453.0,363.0,33.302752293577974,3239.0,799.0,32.745901639344254
48000,90,ah,500,synchronous,0.0008127525983439275,-53.0514967945095,1.621336576423411,1.6138867732129227,0.4193203616243566,1.422403376896343,0.14564859867095947,-4.9787449340025586e-05,0.015796184539794922,731.0,1.0,0.136986301369868,1086.0,-4.0,-0.3669724770642202,2431.0,-9.0,-0.36885245901638886
48000,90,ah,500,spectral,0.0006570175875402865,-50.13239781628545,3.9821410272644617,3.577933209113448,-2.706369567441164,1.6329214316635623,0.160003662109375,-2.125261558426751e-06,0.017181396484375,773.0,43.0,5.890410958904102,1053.0,-37.0,-3.394495412844034,2556.0,116.0,4.754098360655745
48000,90,ah,-700,legacy,-98.60610401083113,-7.925005604006766,13.420384441564337,7.724929993633958,-1.862076713532176,5.2504083376636,0.1597212553024292,-3.695061637295617e-06,0.01146697998046875,503.99999999999994,-226.00000000000006,-30.958904109589046,723.0,-367.0,-33.669724770642205,1658.0,-782.0,-32.049180327868854
48000,90,ah,-700,synchronous,0.0017190780850633994,-52.949464480032454,1.935872073650764,1.9341140996375863,-0.2769885625097383,2.629491664513222,0.19462823867797852,-6.276956035031213e-05,0.0209805965423584,730.0,0.0,0.0,1090.0,0.0,0.0,2434.0,-6.0,-0.24590163934425924
48000,90,ah,-700,spectral,0.0009714336923282474,-48.686389821915796,9.634608697547913,7.247184620747569,-0.24093687200530386,2.5241376947345264,0.1610938310623169,8.172161049313016e-06,0.017181396484375,697.0,-33.0,-4.520547945205477,993.0,-97.0,-8.899082568807337,1857.0,-583.0,-23.893442622950822
48000,90,ah,700,legacy,62.818884503420364,-2.556608094048415,15.6163685883574,6.531068808924576,-1.8528364228465033,4.080237497501581,0.15987491607666016,1.6875026954544915e-06,0.025679469108581543,1159.0,429.0,58.76712328767124,1526.0,436.0,39.99999999999999,3536.0,1096.0,44.91803278688524
48000,90,ah,700,synchronous,0.0026407750888865524,-52.6100805122439,1.6981569793522875,1.6916866605859793,-0.5073511062502235,1.3983476071857548,0.13502895832061768,9.593148198392656e-06,0.014314651489257812,727.0,-3.0,-0.4109589041095929,1087.0,-3.0,-0.27522935779816793,2434.0,-6.0,-0.24590163934425924
48000,90,ah,700,spectral,0.0023889612016492253,-48.60088473282299,6.817668589759155,5.377573283813938,-3.5127922535938536,1.4556927211341164,0.160003662109375,6.5272632572386e-06,0.017181396484375,748.9999999999999,18.999999999999886,2.602739726027381,1126.0,36.0,3.3027522935779707,3559.0,1119.0,45.860655737704924
48000,90,ah,-1200,legacy,-203.89969009101375,-2.518438977187207,19.54762148459042,12.41729993675255,-1.852743026919661,11.355577953390794,0.15868234634399414,-1.517724659707811e-07,0.008523106575012207,391.9999999999999,-338.0000000000001,-46.30136986301372,788.0,-302.0,-27.70642201834862,4154.0,1714.0,70.24590163934425
48000,90,ah,-1200,synchronous,-0.005508208810233095,-52.869659293347596,2.3066265995617856,2.3043747958738505,-0.2953622658165682,5.5897162094249255,0.2244112491607666,-1.253560185432434e-07,0.024226069450378418,731.0,1.0,0.136986301369868,1090.0,0.0,0.0,2434.0,-6.0,-0.24590163934425924
48000,90,ah,-1200,spectral,-0.003515576798180148,-48.556742735607884,14.926085406583983,11.926782177285556,-3.427660717620511,3.1315781188573015,0.160003662109375,-5.16047908200158e-07,0.017181396484375,561.0,-169.0,-23.15068493150685,933.0,-157.0,-14.40366972477064,1335.0,-1105.0,-45.286885245901644
48000,90,ah,1200,legacy,93.60152241732185,-0.5591133281241957,33.65461704972183,26.949561157550605,-1.8465375106832735,0.22862482417288843,0.15948307514190674,-1.8030405044555664e-08,0.03428232669830322,964.9999999999999,234.9999999999999,32.1917808219178,1829.0,739.0,67.79816513761467,3636.0,1196.0,49.01639344262294
48000,90,ah,1200,synchronous,-0.0004174321536830417,-52.76769922058691,1.6643328648192355,1.660945797685517,1.2307978752105588,0.6987692903647298,0.13548052310943604,-1.9118189811706543e-07,0.014331936836242676,728.0,-2.0,-0.2739726027397249,1086.0,-4.0,-0.3669724770642202,2434.0,-6.0,-0.24590163934425924
48000,90,ah,1200,spectral,-0.0007218528680541274,-46.589445465177874,12.149800380479974,7.219094498492442,-5.549981283066725,1.2762010884985864,0.160003662109375,3.8359728124406604e-07,0.017181396484375,788.9999999999999,58.999999999999886,8.082191780821901,1542.0,452.0,41.46788990825687,4154.0,1714.0,70.24590163934425
48000,90,ee,0,legacy,-0.004211476219378739,-53.35270989405957,0.3174164098411348,0.31741640984113395,0.0,1.2256926453297723,0.160003662109375,-4.00543212890625e-07,0.00823974609375,270.0,0.0,0.0,2290.0,0.0,0.0,3010.0,0.0,0.0
48000,90,ee,0,synchronous,-0.004211476219378739,-53.35270989405957,0.3174164098411348,0.31741640984113395,0.0,1.2256926453297723,0.160003662109375,-4.00543212890625e-07,0.00823974609375,270.0,0.0,0.0,2290.0,0.0,0.0,3010.0,0.0,0.0
48000,90,ee,0,spectral,-0.004211476219378739,-53.35270989405957,0.3174164098411348,0.31741640984113395,0.0,1.2256926453297723,0.160003662109375,-4.00543212890625e-07,0.00823974609375,270.0,0.0,0.0,2290.0,0.0,0.0,3010.0,0.0,0.0
48000,90,ee,-0.1,legacy,-0.0043619001856649835,-53.360862716381796,0.30913109172251035,0.3091310917225105,-0.0009282202224292571,1.2007639101575023,0.15998005867004395,3.888954718907674e-07,0.008235573768615723,270.0,0.0,0.0,2290.0,0.0,0.0,3010.0,0.0,0.0
48000,90,ee,-0.1,synchronous,-0.0042816064624062134,-53.34685426455621,0.30886729903536614,0.308867299035367,-0.0012381946776362691,1.5974644756335978,0.15998625755310059,2.286392781469557e-06,0.008239269256591797,270.0,0.0,0.0,2290.0,0.0,0.0,3010.0,0.0,0.0
48000,90,ee,-0.1,spectral,-0.004311355073813851,-53.35110320494846,0.31623320606952815,0.31560247301313854,-0.003129854615180911,1.2037272709272298,0.16181671619415283,-5.018421345286899e-07,0.00826108455657959,270.0,0.0,0.0,2290.0,0.0,0.0,3007.0,-3.0,-0.09966777408637606
48000,90,ee,0.1,legacy,-0.004036129166164634,-53.36729680936595,0.3053892055978737,0.3053892055978749,-0.0013788171033013142,1.2941376378498273,0.15997040271759033,-1.5827723675303988e-06,0.008236527442932129,270.0,0.0,0.0,2290.0,0.0,0.0,3010.0,0.0,0.0
48000,90,ee,0.1,synchronous,-0.004087738347818849,-53.347227427372204,0.30608049553341965,0.30608049553342004,-0.0010880071009109597,1.5977079375025471,0.15999889373779297,-3.13384665383233e-06,0.00823366641998291,270.0,0.0,0.0,2290.0,0.0,0.0,3010.0,0.0,0.0
48000,90,ee,0.1,spectral,-0.0041182997585582914,-53.361442521391126,0.5761833535346655,0.5715760400280882,-0.003997112649510583,1.2897918812124392,0.1611623764038086,-1.1709580818812052e-06,0.008307218551635742,270.0,0.0,0.0,2287.0,-3.0,-0.13100436681222627,3007.0,-3.0,-0.09966777408637606
48000,90,ee,-1,legacy,-0.010234233664188143,-53.06435513348791,0.3126075035732913,0.30860257511720957,-0.007662058281399561,1.4929577818106181,0.1599665880203247,-1.3021959198845757e-06,0.008226633071899414,270.0,0.0,0.0,2287.0,-3.0,-0.13100436681222627,3007.0,-3.0,-0.09966777408637606
48000,90,ee,-1,synchronous,-0.003649008757693101,-53.06192189997147,0.3030754647015985,0.3030754647015994,-0.0011260056702763626,1.5911848465126945,0.16002559661865234,2.133331365055508e-05,0.008236050605773926,270.0,0.0,0.0,2290.0,0.0,0.0,3010.0,0.0,0.0
48000,90,ee,-1,spectral,-0.00368285587168913,-53.13599002024279,0.3250435329076878,0.30970845532145613,-0.02929889539190353,1.4389145308602793,0.16117751598358154,-1.1912609140078226e-06,0.00823974609375,270.0,0.0,0.0,2287.0,-3.0,-0.13100436681222627,3007.0,-3.0,-0.09966777408637606
48000,90,ee,1,legacy,0.004392614429262867,-53.2099107056539,0.3023432156377431,0.3023432156377435,-0.011522755592775909,1.5867182674660654,0.15997397899627686,-2.0971571405728658e-05,0.008237242698669434,270.0,0.0,0.0,2290.0,0.0,0.0,3010.0,0.0,0.0
48000,90,ee,1,synchronous,-0.0021960274647715695,-53.208217499069065,0.3093560328987082,0.3093560328987083,-0.0007502467762098778,1.6619926019913824,0.15995323657989502,-2.6586610409948562e-05,0.008237719535827637,270.0,0.0,0.0,2290.0,0.0,0.0,3010.0,0.0,0.0
48000,90,ee,1,spectral,-0.0022343851706568083,-53.291782101730135,0.47665909551913566,0.4643923301653559,-0.037181778579114054,1.5665724773061396,0.160003662109375,-1.9849298728836907e-05,0.00823974609375,270.0,0.0,0.0,2287.0,-3.0,-0.13100436681222627,3006.0,-4.0,-0.1328903654485014
48000,90,ee,-5,legacy,-0.16613113076203098,-52.93967913495279,0.3852786025738533,0.3143058206961811,-0.21585463224046406,1.759989638285271,0.15986239910125732,1.3374015688896179e-05,0.008192658424377441,270.0,0.0,0.0,2283.0,-7.0,-0.30567685589519833,3003.0,-7.0,-0.23255813953488857
48000,90,ee,-5,synchronous,0.0009911139140885126,-52.89992621966893,0.3044910586877626,0.2895593478032787,0.003092043439488836,1.735041359658319,0.16022944450378418,-4.202499985694885e-05,0.008238792419433594,270.0,0.0,0.0,2287.0,-3.0,-0.13100436681222627,3007.0,-3.0,-0.09966777408637606
48000,90,ee,-5,spectral,0.0009616341807362875,-52.95228314402033,0.35704136913556506,0.3469038335669539,-0.14077952050924575,1.7258367370869587,0.16046667098999023,-6.113987829950121e-06,0.00823974609375,267.0,-3.0,-1.1111111111111072,2287.0,-3.0,-0.13100436681222627,3013.0,3.0,0.09966777408638716
48000,90,ee,5,legacy,0.16679672490713962,-53.24057814034742,0.36980227269615706,0.31388340521887487,-0.23106246415001672,1.7475501526264963,0.15978848934173584,-7.600095950894886e-05,0.00823056697845459,273.0,3.0,1.1111111111111072,2297.0,7.0,0.30567685589519833,3020.0,10.0,0.33222591362125353
48000,90,ee,5,synchronous,0.0011128963072902247,-53.2117632128794,0.3519031797353048,0.3478399657665965,-0.007567132726116352,1.6002898535697994,0.15975213050842285,-2.3656272225909765e-05,0.008230090141296387,270.0,0.0,0.0,2293.0,3.0,0.13100436681223737,3013.0,3.0,0.09966777408638716
48000,90,ee,5,spectral,0.0010581007951303743,-53.297645616117904,0.49800830525523526,0.48002517828003627,-0.17687837708494927,1.6616918005169685,0.160003662109375,-8.367881178855896e-05,0.00823974609375,267.0,-3.0,-1.1111111111111072,2293.0,3.0,0.13100436681223737,3017.0,7.0,0.23255813953488857
48000,90,ee,-10,legacy,-0.6827451051917606,-53.24534993717855,0.6403401634894744,0.48319899988620046,-0.8920381164593303,2.8679045073596905,0.15969491004943848,-2.193119790818956e-06,0.00814521312713623,273.0,3.0,1.1111111111111072,2276.0,-14.0,-0.6113537117903967,2997.0,-13.0,-0.4318936877076407
48000,90,ee,-10,synchronous,0.004002345836301879,-53.1576646236994,0.34455500240739356,0.309018044038955,-0.01647740313275624,1.7949689724452127,0.16045069694519043,0.00013300479700167973,0.00823986530303955,270.0,0.0,0.0,2283.0,-7.0,-0.30567685589519833,3007.0,-3.0,-0.09966777408637606
48000,90,ee,-10,spectral,0.004001373501221424,-53.13307491231177,0.41058090342425707,0.33704537718145944,-0.2961088094480975,1.7731364866881987,0.16036534309387207,6.337070630656349e-05,0.00823974609375,267.0,-3.0,-1.1111111111111072,2280.0,-10.0,-0.4366812227074246,3003.0,-7.0,-0.23255813953488857
48000,90,ee,10,legacy,0.6910067945529845,-53.506483849977045,0.6484738065827808,0.4813950852628575,-0.8925875886750545,2.2961183489624717,0.159734845161438,-6.465286844306522e-06,0.008234143257141113,274.0,4.0,1.4814814814814836,2300.0,10.0,0.4366812227074135,3030.0,20.0,0.6644518272425293
48000,90,ee,10,synchronous,0.0035014904485309987,-53.3935316079117,0.3958384685669092,0.3768707294459572,-0.015735885704610843,1.5968817695919333,0.15955626964569092,-8.389982912275526e-06,0.008220195770263672,270.0,0.0,0.0,2294.0,4.0,0.17467248908296096,3013.0,3.0,0.09966777408638716
48000,90,ee,10,spectral,0.003434781198664943,-53.440428116467416,0.4709479649155624,0.4653499472852382,-0.3416683833799028,1.6179261563106382,0.160003662109375,-6.0585857265525396e-05,0.00823974609375,267.0,-3.0,-1.1111111111111072,2290.0,0.0,0.0,3013.0,3.0,0.09966777408638716
48000,90,ee,-25,legacy,-4.396256498098776,-50.383017275991264,2.9891619163724585,2.7747734397274098,-3.8569085052974845,5.986545335967359,0.15969085693359375,-5.2959563003646e-05,0.00804436206817627,296.0,26.0,9.629629629629633,2247.0,-43.0,-1.8777292576419247,2993.0,-17.0,-0.5647840531561421
48000,90,ee,-25,synchronous,0.0040383936446400015,-53.274261743557794,0.5766891738863821,0.5487714018672152,-0.048453306376415865,1.9723376002417548,0.16116154193878174,-6.573172079192267e-05,0.008250117301940918,270.0,0.0,0.0,2280.0,-10.0,-0.4366812227074246,3013.0,3.0,0.09966777408638716
48000,90,ee,-25,spectral,0.00411377725347176,-53.240916370640754,0.6786691026383701,0.6258012415485764,-0.5759725746344947,1.8838404585745008,0.160003662109375,-8.161408619748221e-05,0.00823974609375,267.0,-3.0,-1.1111111111111072,2280.0,-10.0,-0.4366812227074246,3003.0,-7.0,-0.23255813953488857
48000,90,ee,25,legacy,4.359323702611351,-50.08234092578051,3.1068930798563823,2.7782386585298293,-3.8626669815999874,5.992686479093347,0.15956497192382812,1.064185467031267e-05,0.00832819938659668,306.0,36.0,13.33333333333333,2313.0,23.0,1.0043668122270644,3080.0,70.0,2.3255813953488413
48000,90,ee,25,synchronous,0.0039899286795938614,-53.08809040345079,0.5442674131807523,0.5336596713266547,0.030736452246933523,1.5946593915169858,0.15897786617279053,1.9913017749786376e-05,0.008174777030944824,270.0,0.0,0.0,2297.0,7.0,0.30567685589519833,3013.0,3.0,0.09966777408638716
48000,90,ee,25,spectral,0.00393137789961893,-53.24078741110057,0.6261607977916473,0.5227407316147886,-0.6573633078980256,1.6158094486512475,0.160003662109375,7.721216728289922e-05,0.00823974609375,270.0,0.0,0.0,2306.0,16.0,0.6986899563318882,3020.0,10.0,0.33222591362125353
48000,90,ee,-50,legacy,-4.906294031629472,-53.03723461251554,2.2294192889867004,1.1159591293041704,-1.9213054840788941,7.127045973791004,0.1598803997039795,0.00022679726696676677,0.007962942123413086,273.0,3.0,1.1111111111111072,2220.0,-70.0,-3.056768558951961,2933.0,-77.0,-2.558139534883719
48000,90,ee,-50,synchronous,-0.004146650531934273,-53.27786463873258,0.42509473657378144,0.40693556911740386,-0.06282373718456082,1.6361430214020602,0.16231751441955566,0.00011259211020337211,0.00833749771118164,270.0,0.0,0.0,2297.0,7.0,0.30567685589519833,3010.0,0.0,0.0
48000,90,ee,-50,spectral,-0.004139948252952919,-53.07028562436706,0.8723844815829258,0.7413898130833844,-0.5720489319917642,1.789930924633658,0.160003662109375,0.00012927112893925774,0.00823974609375,270.0,0.0,0.0,2270.0,-20.0,-0.8733624454148492,2990.0,-20.0,-0.6644518272425293
48000,90,ee,50,legacy,4.356124573253429,-52.6927739670382,2.2046328267845015,0.9142923694176195,-1.9396717297355048,6.211139967317719,0.1596623659133911,-0.00019650985383325154,0.008443593978881836,287.0,17.0,6.296296296296289,2353.0,63.0,2.7510917030567628,3107.0,97.0,3.222591362126237
48000,90,ee,50,synchronous,-0.0007717501248720108,-52.90430757678244,0.42980054781440646,0.3793800821017061,-0.012610903117540317,1.5523585853609145,0.15819084644317627,-0.0002215863350364897,0.008120059967041016,270.0,0.0,0.0,2280.0,-10.0,-0.4366812227074246,3010.0,0.0,0.0
48000,90,ee,50,spectral,-0.0008206417997142527,-53.029100665621975,0.8043189965538692,0.6801527773127104,-0.7804348484252398,1.5611911908302754,0.160003662109375,-3.89746410979165e-05,0.00823974609375,273.0,3.0,1.1111111111111072,2310.0,20.0,0.8733624454148492,3024.0,14.0,0.46511627906977715
48000,90,ee,-100,legacy,-13.035728969875473,-49.42967961368227,4.140566592566419,1.6688504671708129,-1.6464215806785087,7.367918862263892,0.15978217124938965,-6.893954757187101e-05,0.007756233215332031,270.0,0.0,0.0,2157.0,-133.0,-5.8078602620087345,2856.0,-154.0,-5.116279069767438
48000,90,ee,-100,synchronous,-0.0008134498617680891,-52.89186136625993,0.5622392602021693,0.5593659910971522,-0.2434478421016545,2.588717076990188,0.1646726131439209,3.444730821583006e-05,0.008471488952636719,270.0,0.0,0.0,2287.0,-3.0,-0.13100436681222627,3010.0,0.0,0.0
48000,90,ee,-100,spectral,-0.0009107878503837745,-52.392019644727554,1.3866353471844994,1.1294445210430246,-0.4705684774034593,2.428494934694723,0.160003662109375,-1.2969987259970772e-05,0.008491039276123047,267.0,-3.0,-1.1111111111111072,2253.0,-37.0,-1.6157205240174721,2980.0,-30.0,-0.9966777408637828
48000,90,ee,100,legacy,11.546255356842327,-49.226083541748864,4.163402091304743,1.5291455281472863,-1.8289619513419386,6.5928549780491394,0.15982115268707275,2.0393108328183493e-05,0.0086745023727417,304.0,34.0,12.592592592592599,2420.0,130.0,5.676855895196509,3203.0,193.0,6.41196013289036
48000,90,ee,100,synchronous,0.0034856991674073823,-53.156241731424686,0.5576343311677694,0.5488362429061101,-0.06018460796125091,1.193816898537436,0.15637528896331787,0.00023524085266722573,0.008027434349060059,273.0,3.0,1.1111111111111072,2293.0,3.0,0.13100436681223737,3007.0,-3.0,-0.09966777408637606
48000,90,ee,100,spectral,0.003503774052367119,-53.23358848091755,1.308238369331414,1.046818292832861,-0.8821375804310927,1.274225224652663,0.160003662109375,-4.293329185909695e-05,0.00823974609375,273.0,3.0,1.1111111111111072,2330.0,40.0,1.7467248908296984,3033.0,23.0,0.7641196013288942
48000,90,ee,-200,legacy,-23.78450406821363,-38.13182780739965,6.7520762321408085,1.6545602535862671,-2.2139363674045147,7.359190192873203,0.159773588180542,0.00024826197574536005,0.00729525089263916,252.0,-18.0,-6.666666666666665,2036.0,-254.0,-11.091703056768553,2691.0,-319.0,-10.598006644518277
48000,90,ee,-200,synchronous,-0.001079613682149558,-53.12638520214128,0.41156558045054553,0.394906855678787,-0.47386405903421747,2.7196388548653676,0.16951251029968262,-3.112909694512685e-05,0.008713483810424805,273.0,3.0,1.1111111111111072,2287.0,-3.0,-0.13100436681222627,3010.0,0.0,0.0
48000,90,ee,-200,spectral,-0.0013945233776376915,-51.54419202634795,2.482880560999153,2.3818295718987503,-0.4482869436133833,2.4402106730210695,0.16045057773590088,-6.323967542913224e-05,0.008916974067687988,263.0,-7.0,-2.592592592592591,2270.0,-20.0,-0.8733624454148492,2973.0,-37.0,-1.2292358803986714
48000,90,ee,200,legacy,20.900444332411983,-35.9379982864265,6.992811827382109,1.5308348274168788,-1.9223823843741719,6.016145347981759,0.15980315208435059,-5.120372606648339e-05,0.009184837341308594,326.0,56.0,20.740740740740748,2563.0,273.0,11.92139737991267,3393.0,383.0,12.724252491694354
48000,90,ee,200,synchronous,-0.0025842805427887285,-53.1990798651962,0.504277389046591,0.4229068303558398,-0.5836350030544073,0.023131372812715354,0.1505146026611328,-0.00012609749618503784,0.007809042930603027,274.0,4.0,1.4814814814814836,2280.0,-10.0,-0.4366812227074246,3006.0,-4.0,-0.1328903654485014
48000,90,ee,200,spectral,-0.002733497302376697,-52.9496909616289,1.6213557272535082,1.5872488482428835,-0.8229808393729539,0.31199000713779823,0.160003662109375,8.937128716044956e-05,0.00823974609375,273.0,3.0,1.1111111111111072,2297.0,7.0,0.30567685589519833,3033.0,23.0,0.7641196013288942
48000,90,ee,-300,legacy,-36.74982770999006,-31.17541137631189,8.872225669937121,2.285559079453031,-2.151507429047782,5.907797532681797,0.15976965427398682,-0.00011423266596264309,0.0068988800048828125,237.0,-33.0,-12.222222222222223,1923.0,-367.0,-16.026200873362452,2540.0,-470.0,-15.614617940199338
48000,90,ee,-300,synchronous,-0.004709588198041164,-53.18947611681635,0.49380975477512523,0.4739406100080283,-0.4321431808290076,2.7636479368225633,0.17447209358215332,0.0001526293738020791,0.00897836685180664,277.0,7.0,2.592592592592591,2293.0,3.0,0.13100436681223737,3010.0,0.0,0.0
48000,90,ee,-300,spectral,-0.0046650134448191875,-50.396110905661345,3.972991487786617,3.6819275359368526,-0.3215930836757037,2.442434457229964,0.1665182113647461,-0.00011842242545551724,0.009633183479309082,260.0,-10.0,-3.703703703703709,2250.0,-40.0,-1.7467248908296984,2910.0,-100.0,-3.322259136212624
48000,90,ee,300,legacy,30.33614137249712,-24.626793511986076,9.455172858789668,1.538408010327922,-2.067314686777864,5.305253489760007,0.1599140167236328,-0.00012633903986877866,0.009743094444274902,347.0,77.0,28.51851851851852,2716.0,426.0,18.60262008733624,3597.0,587.0,19.501661129568106
48000,90,ee,300,synchronous,0.003533543275728665,-53.29647620927122,0.40158820786645777,0.39107199761345196,-1.0334852729640194,1.032971119618724,0.14235460758209229,5.6172452039188806e-05,0.00748133659362793,273.0,3.0,1.1111111111111072,2293.0,3.0,0.13100436681223737,3013.0,3.0,0.09966777408638716
48000,90,ee,300,spectral,0.0034275107879097985,-52.213689280760256,2.0922439426739508,1.9985173203496698,-1.3654871588061335,1.1378416757931917,0.160003662109375,0.00011279429412550396,0.00823974609375,280.0,10.0,3.703703703703698,2310.0,20.0,0.8733624454148492,3033.0,23.0,0.7641196013288942
48000,90,ee,-500,legacy,-65.6319834280662,-12.965362504182288,13.007368952880192,2.8898116590174663,-2.146920405807075,6.792248099491948,0.159753680229187,4.5647993683815006e-05,0.0061588287353515625,209.0,-61.0,-22.5925925925926,1713.0,-577.0,-25.196506550218345,2254.0,-756.0,-25.116279069767444
48000,90,ee,-500,synchronous,0.0031366924271445996,-53.248516325371604,0.6368429714414939,0.6234480546387026,-0.31750850494257105,2.737178417241575,0.18484771251678467,0.00016035627987649707,0.009512662887573242,277.0,7.0,2.592592592592591,2290.0,0.0,0.0,3010.0,0.0,0.0
48000,90,ee,-500,spectral,0.0034185444021685705,-48.22289474228988,6.791021827082187,5.233211193595387,-0.02611599041269437,2.792468869129649,0.1726135015487671,0.00014171468714872996,0.009313702583312988,247.0,-23.0,-8.518518518518514,2196.0,-94.0,-4.104803493449783,2630.0,-380.0,-12.624584717607979
48000,90,ee,500,legacy,47.594341981343476,-6.898591239350066,13.83933682647005,1.5715912384040454,-2.03548257779046,5.29469466410116,0.15965867042541504,6.486885249614715e-06,0.010919690132141113,391.0,121.0,44.81481481481482,3046.0,756.0,33.01310043668122,4040.0,1030.0,34.219269102990026
48000,90,ee,500,synchronous,0.0008842939545734728,-52.883405811809865,0.582173983791877,0.5713978350374128,-0.423620710401997,1.5354189188817133,0.1327497959136963,8.948401858409246e-05,0.006981968879699707,270.0,0.0,0.0,2297.0,7.0,0.30567685589519833,3013.0,3.0,0.09966777408638716
48000,90,ee,500,spectral,0.0006031653829795434,-48.80106007683725,5.025563123242408,4.5111817074173235,-1.985424800015615,1.525526264762624,0.160003662109375,-1.4443219535880618e-05,0.00823974609375,294.0,24.0,8.888888888888879,2343.0,53.0,2.3144104803493493,3127.0,117.0,3.8870431893687662
48000,90,ee,-700,legacy,-98.6072368678899,-6.9183413877593045,16.994346484353294,4.789488589953222,-2.0258364594004497,5.44746727104894,0.15971744060516357,-8.908785879611969e-05,0.005494356155395508,186.0,-84.0,-31.11111111111111,1530.0,-760.0,-33.18777292576419,2013.0,-997.0,-33.12292358803987
48000,90,ee,-700,synchronous,0.00195304288476963,-52.970246311483855,0.6917775882493645,0.6705591449115531,-0.40922099651983745,2.218788300053842,0.19583642482757568,0.00012362021538946363,0.01007688045501709,277.0,7.0,2.592592592592591,2290.0,0.0,0.0,3010.0,0.0,0.0
48000,90,ee,-700,spectral,0.0009947749368207034,-46.00595873086785,12.34596587740777,9.177590661664583,-0.22294370764352892,2.3290541530828124,0.17384016513824463,-2.101728485690223e-05,0.00823974609375,257.0,-13.0,-4.814814814814817,1950.0,-340.0,-14.847161572052403,2397.0,-613.0,-20.365448504983384
48000,90,ee,700,legacy,62.81885365192999,-1.9953675811102436,20.007067535204627,6.414514752463093,-2.0331232863598325,4.5585662794847055,0.15966427326202393,-5.71339080731074e-06,0.012261271476745605,486.0,216.0,80.0,3406.0,1116.0,48.73362445414846,4611.0,1601.0,53.18936877076412
48000,90,ee,700,synchronous,0.0025827488734356347,-53.31597899136738,0.6354193202475985,0.6257984848508683,0.5159735489656903,1.0452663634640145,0.13663029670715332,2.0689148869779376e-05,0.007149100303649902,270.0,0.0,0.0,2283.0,-7.0,-0.30567685589519833,3016.0,6.0,0.19933554817275212
48000,90,ee,700,spectral,0.0023230507000524233,-47.366374834336696,9.082687731359567,4.665261759916237,-2.465874914211898,1.2074466532177413,0.160003662109375,1.6470613578955334e-05,0.00823974609375,318.0,48.0,17.777777777777782,2477.0,187.0,8.165938864628819,4394.0,1384.0,45.98006644518273
48000,90,ee,-1200,legacy,-203.8959298022167,-1.9775203522857723,22.941263952549363,11.10243253005947,-2.0343409324472055,9.112005723564723,0.15940642356872559,-4.574697878625658e-07,0.004116654396057129,154.5,-115.5,-42.77777777777778,1156.0,-1134.0,-49.51965065502183,1550.0,-1460.0,-48.50498338870432
48000,90,ee,-1200,synchronous,-0.005296280370755477,-53.38644479516651,0.9187011924141673,0.8807168136233985,-0.4263268423498201,4.930735430706462,0.22602307796478271,-3.403797745704651e-07,0.011580824851989746,283.0,13.0,4.814814814814805,2290.0,0.0,0.0,3010.0,0.0,0.0
48000,90,ee,-1200,spectral,-0.002266436846465172,-43.11026093537198,20.221122081227552,12.314837258818057,-0.1354542139542161,3.2924916967974487,0.18854928016662598,-7.4664296375380625e-06,0.00823974609375,259.0,-11.0,-4.074074074074074,1163.0,-1127.0,-49.21397379912664,1957.0,-1053.0,-34.98338870431894
48000,90,ee,1200,legacy,93.60153154396713,-0.12099857217026375,35.45084570954828,27.412015052952235,-2.03336578949132,0.1878450140065147,0.15975463390350342,-5.524853865305583e-07,0.01627671718597412,121.5,-148.5,-55.00000000000001,3609.0,1319.0,57.598253275109165,4537.0,1527.0,50.73089700996678
48000,90,ee,1200,synchronous,-0.0004127374781595571,-53.22840781736814,0.3539246024122454,0.35392460241224516,-2.5125385483194544,0.5239476608338742,0.08665084838867188,-6.240606307983399e-07,0.005286812782287598,270.0,0.0,0.0,2290.0,0.0,0.0,3010.0,0.0,0.0
48000,90,ee,1200,spectral,-0.0008057537047338339,-42.11033724061964,12.82399661476946,4.094227636833248,-3.0680305183901186,0.8851845129116052,0.160003662109375,2.2757177551587422e-06,0.00823974609375,265.0,-5.0,-1.851851851851849,2592.0,302.0,13.187772925764186,4634.0,1624.0,53.95348837209302
48000,90,oo,0,legacy,-0.0041913550418424365,-53.29701154271048,3.4314166044200207,3.419715833443321,0.0,1.4000121467168627,0.160003662109375,-1.33514404296875e-07,0.00640869140625,300.0,0.0,0.0,873.0,3.0,0.34482758620688614,2257.0,17.0,0.7589285714285632
48000,90,oo,0,synchronous,-0.0041913550418424365,-53.29701154271048,3.4314166044200207,3.419715833443321,0.0,1.4000121467168627,0.160003662109375,-1.33514404296875e-07,0.00640869140625,300.0,0.0,0.0,873.0,3.0,0.34482758620688614,2257.0,17.0,0.7589285714285632
48000,90,oo,0,spectral,-0.0041913550418424365,-53.29701154271048,3.4314166044200207,3.419715833443321,0.0,1.4000121467168627,0.160003662109375,-1.33514404296875e-07,0.00640869140625,300.0,0.0,0.0,873.0,3.0,0.34482758620688614,2257.0,17.0,0.7589285714285632
48000,90,oo,-0.1,legacy,-0.004341391989651417,-53.30898172427343,3.3697083470910236,3.360781291078433,-0.0011113085317641595,1.3816441781842483,0.15999698638916016,2.0506439937485587e-06,0.006408333778381348,300.0,0.0,0.0,872.0,2.0,0.22988505747125743,2255.0,15.0,0.6696428571428603
48000,90,oo,-0.1,synchronous,-0.004265312152717591,-53.128672252277156,3.370485355731997,3.3613700778170963,-0.0011776268649364748,1.5440648914425137,0.16000735759735107,1.6134646203782822e-06,0.0064089298248291016,300.0,0.0,0.0,872.0,2.0,0.22988505747125743,2255.0,15.0,0.6696428571428603
48000,90,oo,-0.1,spectral,-0.004291205391918058,-53.29346700998819,2.950361237361384,2.950361237361384,-0.003877719330700114,1.3836531681637665,0.1618565320968628,1.2012612488534715e-06,0.006481647491455078,300.0,0.0,0.0,870.0,0.0,0.0,2240.0,0.0,0.0
48000,90,oo,0.1,legacy,-0.004016057402994054,-53.30080930633996,3.371797945107567,3.3623073844450344,-0.0012782798121990964,1.4439535423572214,0.1599940061569214,-2.592835161421034e-06,0.006409168243408203,300.0,0.0,0.0,872.0,2.0,0.22988505747125743,2255.0,15.0,0.6696428571428603
48000,90,oo,0.1,synchronous,-0.004072504459142107,-53.11647222017507,3.372649992667134,3.3632427329135384,-0.0012539648425965706,1.5506748225180136,0.15999770164489746,-1.7432371775309244e-06,0.00640869140625,300.0,0.0,0.0,872.0,2.0,0.22988505747125743,2255.0,15.0,0.6696428571428603
48000,90,oo,0.1,spectral,-0.004098115005150321,-53.28834690247585,3.6308037130752995,3.628926586321507,-0.0044700844658281235,1.4408955150458933,0.1614903211593628,-2.4535755316416422e-06,0.0064580440521240234,300.0,0.0,0.0,869.0,-1.0,-0.11494252873562871,2232.0,-8.0,-0.3571428571428559
48000,90,oo,-1,legacy,-0.010213981086987456,-53.14706336833467,3.3732840114059095,3.3656673592058257,-0.007684012976168929,1.6497983076306437,0.1599879264831543,1.6496338778071933e-05,0.006404995918273926,300.0,0.0,0.0,872.0,2.0,0.22988505747125743,2255.0,15.0,0.6696428571428603
48000,90,oo,-1,synchronous,-0.003630090401996883,-52.97793284003908,3.3665593082324143,3.3579034636628857,-0.002044864102668734,1.525748252878152,0.1600480079650879,2.6214934057659574e-05,0.006410002708435059,300.0,0.0,0.0,872.0,2.0,0.22988505747125743,2255.0,15.0,0.6696428571428603
48000,90,oo,-1,spectral,-0.003662294713476647,-53.14830668013367,3.0085627559059285,3.008562755905928,-0.036036866251573464,1.5773193135720525,0.16149115562438965,1.609912763039271e-05,0.006444096565246582,300.0,0.0,0.0,870.0,0.0,0.0,2240.0,0.0,0.0
48000,90,oo,1,legacy,0.004410724010844586,-53.288580076950076,3.3725740325994917,3.3616053561681416,-0.009460407814379878,1.5362155671809574,0.15999042987823486,-2.776036245955361e-05,0.006412386894226074,300.0,0.0,0.0,873.0,3.0,0.34482758620688614,2257.0,17.0,0.7589285714285632
48000,90,oo,1,synchronous,-0.0021836315758622664,-53.12183483663482,3.369641130316008,3.3598752645094896,-0.0025090187611016093,1.7301015184102218,0.15995335578918457,-6.965092486805386e-06,0.006407618522644043,300.0,0.0,0.0,872.0,2.0,0.22988505747125743,2255.0,15.0,0.6696428571428603
48000,90,oo,1,spectral,-0.002216358592461083,-53.2951404153249,3.4142473902663806,3.4133368768423495,-0.04101932688097924,1.5248661846442968,0.16025090217590332,-2.7449408339129553e-05,0.00640869140625,300.0,0.0,0.0,869.0,-1.0,-0.11494252873562871,2235.0,-5.0,-0.22321428571429047
48000,90,oo,-5,legacy,-0.16613434361090026,-53.07353565879333,3.3863015354836827,3.383705993841134,-0.19232382837150455,1.9461897377639725,0.15993165969848633,-4.186790022585127e-05,0.006389737129211426,300.0,0.0,0.0,870.0,0.0,0.0,2247.0,7.0,0.31250000000000444
48000,90,oo,-5,synchronous,0.0009970285399191604,-52.8760542708725,3.337245512425476,3.3317560096455905,0.0005971238536697216,2.000789862241112,0.16023290157318115,-5.0131645467546255e-06,0.006415009498596191,300.0,0.0,0.0,872.0,2.0,0.22988505747125743,2251.0,11.0,0.4910714285714324
48000,90,oo,-5,spectral,0.0009603804843352951,-53.01452671893826,3.554072493053382,3.5523310854520207,-0.17065955274724628,2.0088760443130713,0.16009783744812012,-4.364816678894891e-05,0.00640869140625,297.0,-3.0,-1.0000000000000009,866.0,-4.0,-0.45977011494252595,2241.0,1.0,0.04464285714285143
48000,90,oo,5,legacy,0.16679973402972267,-53.2777806856803,3.4095049570414733,3.388542181690138,-0.21299404087593993,1.957944630278011,0.1599353551864624,-1.303237345483568e-05,0.006426811218261719,303.0,3.0,1.0000000000000009,876.0,6.0,0.6896551724137945,2261.0,21.0,0.9374999999999911
48000,90,oo,5,synchronous,0.0011178785635938754,-53.08602806225981,3.352039831291699,3.339919191724794,-0.008400213462135616,1.7987399171224052,0.15977895259857178,-1.2905291385120816e-05,0.006403088569641113,300.0,0.0,0.0,873.0,3.0,0.34482758620688614,2257.0,17.0,0.7589285714285632
48000,90,oo,5,spectral,0.0010637540428171048,-53.26159371243274,3.1160628035161437,3.1141829753444243,-0.2071564183824443,1.814160943163015,0.160003662109375,-1.9095068176587422e-05,0.00640869140625,297.0,-3.0,-1.0000000000000009,867.0,-3.0,-0.34482758620689724,2247.0,7.0,0.31250000000000444
48000,90,oo,-10,legacy,-0.6827377921298293,-53.29480826637262,3.4506803970663875,3.4501321293880998,-0.8021090019839155,2.7454061690494984,0.15990042686462402,-2.000305387708876e-05,0.006370067596435547,303.0,3.0,1.0000000000000009,869.0,-1.0,-0.11494252873562871,2241.0,1.0,0.04464285714285143
48000,90,oo,-10,synchronous,0.004004229706976243,-53.059797135781956,3.209502242016273,3.2055240375782192,-0.013568009825632221,2.0210887971301474,0.16046357154846191,0.00010861707230408986,0.006434082984924316,300.0,0.0,0.0,870.0,0.0,0.0,2250.0,10.0,0.44642857142858094
48000,90,oo,-10,spectral,0.0040049487756412296,-53.15015014765904,3.4887886061094147,3.485084475926476,-0.34807295850518893,2.0361064949354515,0.160003662109375,4.3707084324624804e-05,0.00640869140625,297.0,-3.0,-1.0000000000000009,867.0,-3.0,-0.34482758620689724,2233.0,-7.0,-0.31250000000000444
48000,90,oo,10,legacy,0.6910003003256435,-53.482328358746344,3.505379404123254,3.46397517298909,-0.801870284624247,2.3974314209122216,0.15990900993347168,-2.3553975754314e-06,0.006444096565246582,307.0,7.0,2.333333333333343,879.0,9.0,1.0344827586206806,2268.0,28.0,1.2499999999999956
48000,90,oo,10,synchronous,0.003503141706480799,-53.22164216292633,3.157867017374355,3.1442623525292213,-0.015188501499957277,1.7832343066002119,0.15956485271453857,-1.3782762818866305e-05,0.006397604942321777,303.0,3.0,1.0000000000000009,873.0,3.0,0.34482758620688614,2257.0,17.0,0.7589285714285632
48000,90,oo,10,spectral,0.0034452760785543203,-53.406489458681406,3.0805893879964295,3.0798043674198605,-0.3906115933180556,1.7877931491355445,0.160003662109375,-4.298781355222066e-05,0.00640869140625,297.0,-3.0,-1.0000000000000009,872.0,2.0,0.22988505747125743,2245.0,5.0,0.22321428571427937
48000,90,oo,-25,legacy,-4.396241837625096,-50.90716920901634,4.752984811987521,4.714583093175456,-3.299785066963097,4.738974568514581,0.15978050231933594,-3.607241643799676e-05,0.006306290626525879,320.0,20.0,6.666666666666665,867.0,-3.0,-0.34482758620689724,2223.0,-17.0,-0.7589285714285743
48000,90,oo,-25,synchronous,0.00416893922177692,-53.126285667708395,3.253128986329583,3.240941738227618,-0.055465631202270965,2.21841691376197,0.1611562967300415,-1.265232761700948e-06,0.006449222564697266,300.0,0.0,0.0,870.0,0.0,0.0,2257.0,17.0,0.7589285714285632
48000,90,oo,-25,spectral,0.004107677156106239,-53.20823293534449,3.1478628062200418,3.1426286936885512,-0.6144347896816955,2.154068374085689,0.160003662109375,-2.1190701259507073e-05,0.00640869140625,297.0,-3.0,-1.0000000000000009,863.0,-7.0,-0.8045977011494232,2233.0,-7.0,-0.31250000000000444
48000,90,oo,25,legacy,4.3593223583751834,-50.69543385443832,4.503285788078947,4.323282325910189,-3.304207205913234,4.829630402082507,0.15977990627288818,9.623757667011685e-06,0.00649261474609375,330.0,30.0,10.000000000000009,893.0,23.0,2.643678160919549,2283.0,43.0,1.9196428571428559
48000,90,oo,25,synchronous,0.0040465653861529866,-53.00750468744738,3.172736176136997,3.1605354896405586,0.025023893577578844,1.5778921159432693,0.15899717807769775,4.447520193126467e-05,0.006381511688232422,303.0,3.0,1.0000000000000009,877.0,7.0,0.8045977011494232,2253.0,13.0,0.5803571428571352
48000,90,oo,25,spectral,0.003936562536762412,-53.23069263099712,2.897450152246604,2.8793580529097107,-0.6698525381993894,1.5898746852276342,0.160003662109375,2.8928824596934847e-05,0.00640869140625,300.0,0.0,0.0,873.0,3.0,0.34482758620688614,2258.0,18.0,0.8035714285714368
48000,90,oo,-50,legacy,-4.906297337112577,-52.99763442255389,4.287177358744847,4.1891101921267335,-1.6945121869871693,5.870182186338423,0.15990936756134033,0.00021306433611445957,0.006226181983947754,300.0,0.0,0.0,852.0,-18.0,-2.0689655172413834,2195.0,-45.0,-2.00892857142857
48000,90,oo,-50,synchronous,-0.0042610651533143955,-53.128667694433005,3.297122919319882,3.2878065694775804,-0.07307258628236896,1.595438852839257,0.16232991218566895,0.00013470418751239776,0.006513237953186035,297.0,-3.0,-1.0000000000000009,873.0,3.0,0.34482758620688614,2253.0,13.0,0.5803571428571352
48000,90,oo,-50,spectral,-0.004121120603536116,-53.08241403467807,3.3871850736309406,3.365008019434175,-0.5236464650429827,1.835372353823341,0.160003662109375,0.00012715877344210942,0.00640869140625,300.0,0.0,0.0,860.0,-10.0,-1.1494252873563204,2220.0,-20.0,-0.8928571428571397
48000,90,oo,50,legacy,4.356127206981665,-52.89837482122568,3.4482283716175064,3.065512582449201,-1.717631143398256,5.313875609783557,0.15988945960998535,-0.0001634907267159886,0.006595253944396973,317.0,17.0,5.666666666666664,900.0,30.0,3.4482758620689724,2317.0,77.0,3.4375000000000044
48000,90,oo,50,synchronous,-0.0007951934932223667,-52.86884677429052,2.7811495888858646,2.7608313537761835,-0.03993968277089627,1.5454939641905316,0.15813028812408447,-0.0001457213775979148,0.00635218620300293,306.0,6.0,2.0000000000000018,880.0,10.0,1.1494252873563315,2253.0,13.0,0.5803571428571352
48000,90,oo,50,spectral,-0.000813901236435094,-53.09066623211639,2.905442053649352,2.8634204741484943,-0.6948106608122194,1.5490522542781697,0.160003662109375,-3.803947733508216e-05,0.00640869140625,307.0,7.0,2.333333333333343,879.0,9.0,1.0344827586206806,2265.0,25.0,1.116071428571419
48000,90,oo,-100,legacy,-13.035719536385933,-49.72092862199225,4.970507909033676,4.513697546730514,-1.4532823792473881,6.334305123307137,0.15994632244110107,-5.406240208281411e-05,0.006048917770385742,297.0,-3.0,-1.0000000000000009,830.0,-40.0,-4.597701149425292,2133.0,-107.0,-4.7767857142857135
48000,90,oo,-100,synchronous,-0.0008466826890057587,-52.821152851536965,3.1446699872814308,3.1191459224396025,-0.2619101723066592,2.518965229076166,0.16469120979309082,5.215940376122793e-06,0.006609082221984863,293.0,-7.0,-2.3333333333333317,882.0,12.0,1.379310344827589,2255.0,15.0,0.6696428571428603
48000,90,oo,-100,spectral,-0.0008803556525303025,-52.57763480465972,3.202664063723425,3.1163862635805675,-0.5004849681032763,2.358149973712557,0.16063809394836426,7.654747201336755e-06,0.00640869140625,293.0,-7.0,-2.3333333333333317,856.0,-14.0,-1.6091954022988464,2195.0,-45.0,-2.00892857142857
48000,90,oo,100,legacy,11.546195532940269,-49.38382973120271,4.34701040367675,3.1277618272588668,-1.610823681385448,5.532814945366852,0.15995240211486816,2.8539059890641107e-05,0.006789088249206543,333.0,33.0,11.00000000000001,930.0,60.0,6.896551724137923,2390.0,150.0,6.696428571428581
48000,90,oo,100,synchronous,0.003682033442773394,-53.02751844207129,3.4205933116010794,3.388512194536833,-0.11160987751208683,1.2386739357994832,0.1559431552886963,0.00023525314612521066,0.00629878044128418,310.0,10.0,3.3333333333333437,886.0,16.0,1.839080459770126,2260.0,20.0,0.8928571428571397
48000,90,oo,100,spectral,0.0034923756722995743,-53.25295663853635,2.41566945905643,2.2812837753267696,-0.8334321998247513,1.4258854390098445,0.160003662109375,-2.806427992052502e-05,0.00640869140625,307.0,7.0,2.333333333333343,892.0,22.0,2.5287356321838983,2281.0,41.0,1.830357142857153
48000,90,oo,-200,legacy,-23.78449807118405,-38.279679432547724,7.06508417300428,5.986211729741162,-1.9453976743385903,6.468817981876851,0.1599442958831787,0.00021460278580586115,0.005709052085876465,280.0,-20.0,-6.666666666666665,783.0,-87.0,-9.999999999999998,2023.0,-217.0,-9.687500000000004
48000,90,oo,-200,synchronous,-0.0011113755580190038,-53.04764399555001,3.413970803119938,3.396884051097775,-0.47072685528811337,2.7179065707469836,0.16951680183410645,-0.00010858676499790616,0.006802797317504883,293.0,-7.0,-2.3333333333333317,876.0,6.0,0.6896551724137945,2257.0,17.0,0.7589285714285632
48000,90,oo,-200,spectral,-0.0013618198289426847,-52.00125537656885,4.4821713718157845,4.339066176836328,-0.4881340225257403,2.4215481070853557,0.16519224643707275,-8.398498925897811e-05,0.00640869140625,287.0,-13.0,-4.333333333333334,843.0,-27.0,-3.103448275862064,2170.0,-70.0,-3.125
48000,90,oo,200,legacy,20.900457570797997,-36.11408470625639,5.741496863318056,2.9357408467101185,-1.7016011634830228,5.072676378358886,0.1599513292312622,-6.064079701900482e-05,0.0071926116943359375,353.0,53.0,17.666666666666675,983.0,113.0,12.988505747126444,2520.0,280.0,12.5
48000,90,oo,200,synchronous,-0.0023634385869009465,-53.08254001009624,3.3284354822846383,3.3165255355086876,-0.6457134159820332,0.019871893951565862,0.15027546882629395,-9.265793280469047e-05,0.006281137466430664,313.0,13.0,4.333333333333322,873.0,3.0,0.34482758620688614,2255.0,15.0,0.6696428571428603
48000,90,oo,200,spectral,-0.0027404254901085483,-53.14393392676719,2.502229976733043,2.336838263526359,-0.7746544264397155,0.37742603704344796,0.160003662109375,9.353218393193351e-05,0.00640869140625,300.0,0.0,0.0,893.0,23.0,2.643678160919549,2293.0,53.0,2.366071428571437
48000,90,oo,-300,legacy,-36.74975989138974,-30.770340073904325,8.512159804287416,6.890426264074607,-1.9020134611930242,5.057299449095238,0.15992295742034912,-7.112672759426965e-05,0.005386829376220703,263.0,-37.0,-12.333333333333329,740.0,-130.0,-14.942528735632187,1914.0,-326.0,-14.553571428571432
48000,90,oo,-300,synchronous,-0.004603571543986982,-53.07458630760615,2.9898245233400806,2.972075570702572,-0.3798528845503706,2.73650172548964,0.17448413372039795,0.00012574509614043765,0.007002115249633789,303.0,3.0,1.0000000000000009,879.0,9.0,1.0344827586206806,2255.0,15.0,0.6696428571428603
48000,90,oo,-300,spectral,-0.004614919378599986,-51.107881087410675,5.638456594331122,5.481245062389682,-0.32402576540991157,2.451005116825338,0.175542950630188,-6.467662751674652e-05,0.006948947906494141,287.0,-13.0,-4.333333333333334,842.0,-28.0,-3.218390804597704,2155.0,-85.0,-3.7946428571428603
48000,90,oo,300,legacy,30.3361393865911,-24.08424852030146,7.305876634188807,2.9491320524110236,-1.8207105956333025,4.168939420056896,0.1599438190460205,-0.0001285414853029781,0.007621407508850098,373.0,73.0,24.33333333333334,1040.0,170.0,19.54022988505748,2667.0,427.0,19.062500000000004
48000,90,oo,300,synchronous,0.0034944732341974792,-53.133794977179214,2.910102970666975,2.865657414124864,-1.0117027762366035,1.2186619271584684,0.14265036582946777,6.409835070371628e-05,0.005722641944885254,283.0,-17.0,-5.666666666666664,886.0,16.0,1.839080459770126,2253.0,13.0,0.5803571428571352
48000,90,oo,300,spectral,0.0034202665996809906,-52.57900711784072,3.510690337270791,3.2348460138517896,-1.2160435180952809,1.1379410766262035,0.160003662109375,6.5868455502722e-05,0.00640869140625,300.0,0.0,0.0,910.0,40.0,4.597701149425282,2313.0,73.0,3.2589285714285765
48000,90,oo,-500,legacy,-65.63170496319333,-13.58604932086732,11.732053370243621,9.67313589857759,-1.8952977956756911,6.109294022757831,0.1599445343017578,0.0001141215819451544,0.004801273345947266,233.0,-67.0,-22.33333333333334,663.0,-207.0,-23.793103448275865,1727.0,-513.0,-22.901785714285715
48000,90,oo,-500,synchronous,0.0031450075772441444,-53.17629994379686,3.166683425995501,3.150318563197274,-0.30076949094741,2.7505462866511317,0.1848583221435547,0.00014593400888972814,0.007418394088745117,300.0,0.0,0.0,879.0,9.0,1.0344827586206806,2258.0,18.0,0.8035714285714368
48000,90,oo,-500,spectral,0.003398610656651997,-49.236561798995375,6.745583724063929,6.1387013701361735,-0.1506019606999121,2.65818998459803,0.18366611003875732,9.443602214256922e-05,0.007471442222595215,287.0,-13.0,-4.333333333333334,846.0,-24.0,-2.758620689655178,2020.0,-220.0,-9.82142857142857
48000,90,oo,500,legacy,47.59433893384635,-7.785887660194799,9.92962833841674,1.9700449040961774,-1.7958929048601608,4.765277927352671,0.1599292755126953,9.146465195549859e-06,0.008553624153137207,420.0,120.0,39.99999999999999,1165.0,295.0,33.90804597701149,2989.0,749.0,33.43750000000001
48000,90,oo,500,synchronous,0.0008857894862859386,-52.78179193240043,3.1476471908831942,3.1280262526413973,-0.09401732381172333,1.471053548799909,0.13742780685424805,3.906222267283334e-05,0.005311131477355957,293.0,-7.0,-2.3333333333333317,882.0,12.0,1.379310344827589,2251.0,11.0,0.4910714285714324
48000,90,oo,500,spectral,0.0005913753035524429,-49.73368351361338,4.592921817431372,4.196808400771155,-1.7460913176594886,1.4861088945951635,0.160003662109375,-2.283578531609641e-05,0.00640869140625,310.0,10.0,3.3333333333333437,897.0,27.0,3.103448275862064,2363.0,123.0,5.491071428571437
48000,90,oo,-700,legacy,-98.60671376580099,-7.79356394982019,14.099549028902587,11.086245642505263,-1.781449720808654,5.272917520430279,0.1599559783935547,-9.039762947294447e-05,0.004277586936950684,217.0,-83.0,-27.66666666666666,595.0,-275.0,-31.60919540229885,3874.0,1634.0,72.94642857142857
48000,90,oo,-700,synchronous,0.0019249621723030684,-52.82311136617914,3.8264781785874016,3.808482700269876,-0.3902127745548333,2.182286694995881,0.1958448886871338,4.650506294435925e-05,0.007859468460083008,307.0,7.0,2.333333333333343,880.0,10.0,1.1494252873563315,2257.0,17.0,0.7589285714285632
48000,90,oo,-700,spectral,0.000981930608767897,-47.48143608917119,8.90195994634343,7.580539783111224,-0.203166601589216,2.237666443104739,0.19128477573394775,1.1637579235765669e-05,0.008265495300292969,280.0,-20.0,-6.666666666666665,816.0,-54.0,-6.206896551724139,1791.0,-449.0,-20.044642857142858
48000,90,oo,700,legacy,62.81884217607724,-2.916294680019625,14.52647229019089,6.560537023079634,-1.7928216304430975,4.171704625254956,0.1599104404449463,-5.090166297223833e-06,0.0095977783203125,527.0,227.0,75.66666666666666,1318.0,448.0,51.49425287356322,3366.0,1126.0,50.26785714285715
48000,90,oo,700,synchronous,0.0025983852591610034,-53.218900821684095,2.8619107315656804,2.854883825566509,0.3562875390447824,1.2277187961018048,0.13419032096862793,3.819433351357778e-05,0.005670666694641113,303.0,3.0,1.0000000000000009,875.0,5.0,0.5747126436781658,2248.0,8.0,0.3571428571428559
48000,90,oo,700,spectral,0.002313625456414296,-48.36601934209067,7.036071045657482,4.890837690506753,-2.2413278281069444,1.344952824682986,0.160003662109375,1.688222504324383e-05,0.00640869140625,333.0,33.0,11.00000000000001,888.0,18.0,2.0689655172413834,3286.0,1046.0,46.69642857142857
48000,90,oo,-1200,legacy,-203.89634588418593,-2.896540590372594,19.479224634650016,11.009780406388732,-1.7943109056285627,9.099815886342927,0.15934789180755615,-1.906189653608534e-07,0.0031914710998535156,180.0,-120.0,-40.0,480.0,-390.0,-44.827586206896555,3874.0,1634.0,72.94642857142857
48000,90,oo,-1200,synchronous,-0.005348471716388012,-53.14917664210508,3.3256209195909725,3.305092893937212,-0.3928938025628159,4.690199333733564,0.2261958122253418,-1.5176832675933839e-07,0.009078383445739746,307.0,7.0,2.333333333333343,882.0,12.0,1.379310344827589,2255.0,15.0,0.6696428571428603
48000,90,oo,-1200,spectral,-0.0026325269460250092,-45.12912405998999,13.082015877514023,11.99067185167213,0.18494808621469236,2.2934949422045707,0.21506643295288086,-5.099856191211276e-06,0.008671164512634277,283.0,-17.0,-5.666666666666664,652.0,-218.0,-25.057471264367813,1235.0,-1005.0,-44.86607142857143
48000,90,oo,1200,legacy,93.60152979662637,-0.3228063852539057,33.729890393019666,29.889320160605248,-1.7932318628509911,0.15351441669085997,0.1596764326095581,-1.330797870953878e-07,0.012780070304870605,135.0,-165.0,-55.00000000000001,988.0,118.0,13.563218390804588,3649.0,1409.0,62.90178571428571
48000,90,oo,1200,synchronous,-0.0004108506300284776,-52.944451027093926,2.8701505070503863,2.863591192050217,-1.6328204425341222,0.806311348656914,0.09785246849060059,-2.462416887283325e-07,0.0045642852783203125,297.0,-3.0,-1.0000000000000009,869.0,-1.0,-0.11494252873562871,2248.0,8.0,0.3571428571428559
48000,90,oo,1200,spectral,-0.0008150682291782616,-43.12243645692054,13.295801281604765,7.448732861059691,-2.8201937328042175,0.9736261959586481,0.160003662109375,1.995704240269131e-06,0.00640869140625,277.0,-23.0,-7.666666666666666,982.0,112.0,12.873563218390816,3874.0,1634.0,72.94642857142857
48000,130,ah,0,legacy,-0.00022981846773956988,-52.92636417504602,0.28319566960105985,0.2831956696010592,0.0,1.2258689770424565,0.160003662109375,-1.7801920572916667e-07,0.016632080078125,730.0,0.0,0.0,1090.0,0.0,0.0,2440.0,0.0,0.0
48000,130,ah,0,synchronous,-0.00022981846773956988,-52.92636417504602,0.28319566960105985,0.2831956696010592,0.0,1.2258689770424565,0.160003662109375,-1.7801920572916667e-07,0.016632080078125,730.0,0.0,0.0,1090.0,0.0,0.0,2440.0,0.0,0.0
48000,130,ah,0,spectral,-0.00022981846773956988,-52.92636417504602,0.28319566960105985,0.2831956696010592,0.0,1.2258689770424565,0.160003662109375,-1.7801920572916667e-07,0.016632080078125,730.0,0.0,0.0,1090.0,0.0,0.0,2440.0,0.0,0.0
48000,130,ah,-0.1,legacy,-0.0005672133792425526,-53.38306472745785,0.3036214617748765,0.3008724029178078,-0.008007525515004284,1.219581716621272,0.15996909141540527,3.9468540085686576e-06,0.016629338264465332,730.0,0.0,0.0,1090.0,0.0,0.0,2437.0,-3.0,-0.12295081967212962
48000,130,ah,-0.1,synchronous,-0.0005371093311008537,-52.99362748165889,0.3013638478319612,0.2991431404346201,-0.008180260688259248,1.2835614649695515,0.1600029468536377,-2.8845750623279147e-06,0.016628026962280273,730.0,0.0,0.0,1090.0,0.0,0.0,2437.0,-3.0,-0.12295081967212962
48000,130,ah,-0.1,spectral,-0.0005396375398320657,-53.30987094811071,0.5579018042636446,0.5537520738263615,-0.01122022337832191,1.2156543408505753,0.16183245182037354,4.055052995681763e-06,0.016874194145202637,730.0,0.0,0.0,1090.0,0.0,0.0,2437.0,-3.0,-0.12295081967212962
48000,130,ah,0.1,legacy,0.00011078047075216485,-52.990941628347336,0.3082941008261904,0.3046617481882871,-0.007664789083826841,1.257132234415581,0.15997648239135742,-4.043425950739119e-06,0.0166318416595459,730.0,0.0,0.0,1090.0,0.0,0.0,2437.0,-3.0,-0.12295081967212962
48000,130,ah,0.1,synchronous,8.183835447937607e-05,-52.6517396774782,0.3086049011966068,0.3047151262218929,-0.007791481968943999,1.2923730770906405,0.15997314453125,2.6254231731096903e-06,0.016631722450256348,730.0,0.0,0.0,1090.0,0.0,0.0,2437.0,-3.0,-0.12295081967212962
48000,130,ah,0.1,spectral,8.086825677642624e-05,-52.90991961618718,0.8112055882041717,0.7764662079914155,-0.01171336229967564,1.2485281301187936,0.16035640239715576,-3.88339575794008e-06,0.016632080078125,730.0,0.0,0.0,1087.0,-3.0,-0.27522935779816793,2427.0,-13.0,-0.5327868852459061
48000,130,ah,-1,legacy,-0.00553916500203535,-53.052986960858064,0.30744469774140004,0.2998099402991242,-0.013839358538539449,1.2869435488788223,0.1599506139755249,1.0166176491313511e-05,0.01661837100982666,730.0,0.0,0.0,1090.0,0.0,0.0,2437.0,-3.0,-0.12295081967212962
48000,130,ah,-1,synchronous,-0.0027104089343557318,-52.84012599578358,0.32395080229328327,0.320146157216945,-0.009268136069519168,1.2808465023687712,0.159978985786438,1.7090477049350737e-05,0.016624808311462402,730.0,0.0,0.0,1090.0,0.0,0.0,2437.0,-3.0,-0.12295081967212962
48000,130,ah,-1,spectral,-0.0027122266456508625,-53.26531127803787,0.5619509445761369,0.5409913739777117,-0.10696708636868182,1.2628246048390148,0.16335904598236084,1.417862872282664e-05,0.016994237899780273,728.0,-2.0,-0.2739726027397249,1086.0,-4.0,-0.3669724770642202,2431.0,-9.0,-0.36885245901638886
48000,130,ah,1,legacy,0.005291940435510357,-52.89902675375407,0.3015477697791356,0.30154776977913533,-0.016926220950838875,1.2798374523000406,0.15993499755859375,8.49323140250312e-06,0.016636252403259277,730.0,0.0,0.0,1090.0,0.0,0.0,2440.0,0.0,0.0
48000,130,ah,1,synchronous,0.0024613271212099584,-52.66019261786022,0.32317648594492154,0.3209777465605711,-0.00910253279713667,1.344171792997728,0.15997827053070068,2.4469155404302807e-06,0.016633152961730957,730.0,0.0,0.0,1090.0,0.0,0.0,2437.0,-3.0,-0.12295081967212962
48000,130,ah,1,spectral,0.002455059718284934,-53.08525894754689,0.7179793094810888,0.6827804958052572,-0.11798900426804593,1.2755153142167817,0.160003662109375,4.794738358921475e-06,0.01664555072784424,728.0,-2.0,-0.2739726027397249,1086.0,-4.0,-0.3669724770642202,2428.0,-12.0,-0.4918032786885296
48000,130,ah,-5,legacy,-0.07484231169139907,-52.81592799332807,0.36692440724892234,0.3054458149242661,-0.17869482812504392,1.598420433325878,0.15988624095916748,-2.863387680715985e-05,0.016576290130615234,728.0,-2.0,-0.2739726027397249,1086.0,-4.0,-0.3669724770642202,2431.0,-9.0,-0.36885245901638886
48000,130,ah,-5,synchronous,-0.00056918810050909,-52.38905621508746,0.5813988025396435,0.5757778651065092,-0.012821827586286095,1.348147184330334,0.16001379489898682,2.8207674622535704e-05,0.01660335063934326,727.0,-3.0,-0.4109589041095929,1087.0,-3.0,-0.27522935779816793,2437.0,-3.0,-0.12295081967212962
48000,130,ah,-5,spectral,-0.0005711401463158917,-53.30434452207027,0.5947957501430745,0.5572064823428514,-0.4845263969548683,1.3390728743409053,0.160003662109375,-2.0018410351541308e-05,0.016632080078125,727.0,-3.0,-0.4109589041095929,1083.0,-7.0,-0.6422018348623881,2433.0,-7.0,-0.2868852459016358
48000,130,ah,5,legacy,0.07448833033326883,-52.69920786398565,0.3180350009280009,0.30875835797042134,-0.18716498299813572,1.5748499110952763,0.15990090370178223,-1.597127980656094e-05,0.0166628360748291,731.0,1.0,0.136986301369868,1093.0,3.0,0.2752293577981568,2443.0,3.0,0.12295081967212962
48000,130,ah,5,synchronous,0.00020685609379008545,-52.943904801122706,0.6195111906540148,0.618325886345851,-0.015362970387334111,1.333923816205015,0.15991675853729248,-2.0801727142598893e-05,0.016652703285217285,731.0,1.0,0.136986301369868,1090.0,0.0,0.0,2437.0,-3.0,-0.12295081967212962
48000,130,ah,5,spectral,0.00019458798296053745,-52.9301873254552,0.5539640858552324,0.5486871848886666,-0.5333362253838348,1.313139422434983,0.160003662109375,-9.316636456383598e-06,0.016632080078125,728.0,-2.0,-0.2739726027397249,1086.0,-4.0,-0.3669724770642202,2440.0,0.0,0.0
48000,130,ah,-10,legacy,-0.346767396280825,-53.25361234620273,0.6187627282977408,0.47316878754081804,-0.6697007375896815,2.1100086400992617,0.1599060297012329,-2.7862352629502613e-05,0.016505956649780273,723.0,-7.0,-0.9589041095890427,1080.0,-10.0,-0.917431192660545,2423.0,-17.0,-0.6967213114754123
48000,130,ah,-10,synchronous,-0.000865922909413609,-52.90662249476421,0.8637837182717042,0.8532554002119784,-0.05767634003622105,1.3336711380697501,0.16008234024047852,-2.0255727900399103e-05,0.016572237014770508,727.0,-3.0,-0.4109589041095929,1087.0,-3.0,-0.27522935779816793,2437.0,-3.0,-0.12295081967212962
48000,130,ah,-10,spectral,-0.0008689337570989361,-53.36469008390509,0.6352945646482119,0.5480758627163623,-0.758574383887243,1.350213814735468,0.160003662109375,-2.9640007350179883e-05,0.016632080078125,727.0,-3.0,-0.4109589041095929,1087.0,-3.0,-0.27522935779816793,2423.0,-17.0,-0.6967213114754123
48000,130,ah,10,legacy,0.34734366293146324,-53.22716066608435,0.518406156485431,0.47865278294942154,-0.6561083820114033,2.3308036582355034,0.15980184078216553,2.903367082277934e-05,0.01669180393218994,730.0,0.0,0.0,1093.0,3.0,0.2752293577981568,2450.0,10.0,0.4098360655737654
48000,130,ah,10,synchronous,0.0006614872591826443,-52.87316714308598,0.9644623720155232,0.9624479818337979,0.0027817843457304346,1.3139317261107308,0.15978074073791504,1.9519635372691686e-05,0.016668081283569336,733.0,3.0,0.4109589041095818,1093.0,3.0,0.2752293577981568,2440.0,0.0,0.0
48000,130,ah,10,spectral,0.0006493342822957239,-53.346122819972884,0.5941678750973746,0.5882380914892779,-0.8279091255506019,1.3170186968300601,0.160003662109375,7.343259950478872e-05,0.016698837280273438,730.0,0.0,0.0,1093.0,3.0,0.2752293577981568,2437.0,-3.0,-0.12295081967212962
48000,130,ah,-25,legacy,-7.142168294246835,-51.45903842672203,3.0236919269332962,2.761154815038139,-2.5448270293036517,3.6347153137144366,0.15955936908721924,-1.8372577097680834e-05,0.016375064849853516,703.0,-27.0,-3.698630136986303,1057.0,-33.0,-3.027522935779814,2387.0,-53.0,-2.172131147540979
48000,130,ah,-25,synchronous,-0.0014874280705329433,-52.90155841652643,0.6972873724571426,0.6442184302319038,-0.12976486558625028,1.361678188226553,0.1601186990737915,-8.486207160684798e-05,0.01646721363067627,723.0,-7.0,-0.9589041095890427,1080.0,-10.0,-0.917431192660545,2437.0,-3.0,-0.12295081967212962
48000,130,ah,-25,spectral,-0.0014866278309043296,-53.318506411185744,0.7969422012062232,0.6743630387076909,-0.29372165062143357,1.3095819141926555,0.160003662109375,-7.245416856474347e-05,0.016632080078125,728.0,-2.0,-0.2739726027397249,1080.0,-10.0,-0.917431192660545,2418.0,-22.0,-0.901639344262295
48000,130,ah,25,legacy,7.308983265402506,-51.25311626090921,2.8594376744162857,2.8399217810848283,-2.5724626760938407,3.564425335086288,0.1596536636352539,2.5292775697178312e-05,0.01681816577911377,723.0,-7.0,-0.9589041095890427,1090.0,0.0,0.0,2457.0,17.0,0.6967213114754012
48000,130,ah,25,synchronous,0.002095231886580368,-52.70017994966047,0.5637792596155533,0.4531807676022654,-0.034332052386851906,1.3307022925248275,0.15917539596557617,-2.101552983125051e-05,0.01667177677154541,737.0,7.0,0.9589041095890316,1097.0,7.0,0.6422018348623881,2453.0,13.0,0.532786885245895
48000,130,ah,25,spectral,0.0020667841337594288,-53.11705232513303,0.5943425117864677,0.48797910377134557,-0.46912674035818025,1.3090185745412939,0.160003662109375,2.197654710875617e-05,0.016632080078125,737.0,7.0,0.9589041095890316,1094.0,4.0,0.3669724770642091,2453.0,13.0,0.532786885245895
48000,130,ah,-50,legacy,-4.008763125498197,-52.70071102890871,1.8917258561492432,1.062877438928992,-1.4215430169624332,4.306542057605479,0.15987467765808105,-5.922810071044498e-06,0.01612222194671631,703.0,-27.0,-3.698630136986303,1053.0,-37.0,-3.394495412844034,2363.0,-77.0,-3.155737704918038
48000,130,ah,-50,synchronous,-0.0018445342884125153,-52.81109593601868,0.9744092239410111,0.8195032699867865,-0.34789521435423787,1.4152979140709474,0.16040003299713135,1.4875444273153941e-05,0.016330957412719727,717.0,-13.0,-1.7808219178082174,1077.0,-13.0,-1.1926605504587129,2457.0,17.0,0.6967213114754012
48000,130,ah,-50,spectral,-0.0017710248198246855,-53.153670650178455,1.0254052318940714,0.7260906824462322,-0.3255818839371225,1.4212944472611264,0.160003662109375,4.6262434787220425e-06,0.016632080078125,723.0,-7.0,-0.9589041095890427,1077.0,-13.0,-1.1926605504587129,2403.0,-37.0,-1.5163934426229542
48000,130,ah,50,legacy,3.317635920290219,-52.990107952345376,1.6283422374021146,0.9582513328042299,-1.3875078643306769,4.175776618775405,0.15970242023468018,3.1754581464661493e-06,0.017097830772399902,746.0,16.0,2.191780821917799,1117.0,27.0,2.477064220183478,2506.0,66.0,2.704918032786896
48000,130,ah,50,synchronous,0.0022883490544842134,-52.84119525095135,1.0203993552909292,0.9005792601414381,-0.2835618806904907,1.3939975315775697,0.15703022480010986,1.398544344637129e-06,0.01650261878967285,743.0,13.0,1.7808219178082174,1107.0,17.0,1.559633027522933,2447.0,7.0,0.2868852459016358
48000,130,ah,50,spectral,0.002257376028438338,-53.250413776269,1.0117024136033939,0.757956152377246,-0.6612746277976429,1.2978758675711968,0.160003662109375,-2.7724152637852564e-05,0.016632080078125,743.0,13.0,1.7808219178082174,1107.0,17.0,1.559633027522933,2470.0,30.0,1.2295081967213184
48000,130,ah,-100,legacy,-18.934587735259576,-50.839438907081835,4.386159185673591,3.682998154678543,-1.2143884012819055,4.580654077590361,0.15970706939697266,-4.857145249843597e-06,0.015645146369934082,681.0,-49.0,-6.712328767123288,1026.0,-64.0,-5.871559633027523,2338.0,-102.0,-4.180327868852462
48000,130,ah,-100,synchronous,0.0010520876841926174,-53.041620752570815,1.3657604654128914,1.2715834275206266,-0.8048024957354729,1.5823369359438657,0.16246390342712402,1.957060562239753e-05,0.016579508781433105,701.0,-29.0,-3.9726027397260277,1086.0,-4.0,-0.3669724770642202,2446.0,6.0,0.24590163934425924
48000,130,ah,-100,spectral,0.000997234052937266,-53.128552458873045,1.88957161223597,1.3489763612913905,-0.03199219463309051,1.358352666945564,0.16499221324920654,1.4731706016593509e-05,0.016811132431030273,711.0,-19.0,-2.602739726027392,1060.0,-30.0,-2.752293577981646,2374.0,-66.0,-2.704918032786885
48000,130,ah,100,legacy,16.456320038581172,-49.9686162071922,2.982198114486191,1.5905073899930224,-1.3279713501877322,4.095025987495017,0.15970778465270996,1.710512571864658e-05,0.017598628997802734,763.0,33.0,4.520547945205489,1144.0,54.0,4.954128440366978,2573.0,133.0,5.450819672131146
48000,130,ah,100,synchronous,0.0012971576581238492,-52.837511012395204,1.3504519562874147,1.1733614125811451,-0.9838251979048482,1.4130194308648971,0.1497485637664795,3.39393276307318e-05,0.015459060668945312,757.0,27.0,3.698630136986303,1073.0,-17.0,-1.559633027522933,2437.0,-3.0,-0.12295081967212962
48000,130,ah,100,spectral,0.0013248440966779952,-53.361541397885404,1.545749006585674,1.2560229443890372,-0.8096584361939497,1.1089906994529914,0.160003662109375,-8.087093217505349e-05,0.016632080078125,750.0,20.0,2.7397260273972712,1117.0,27.0,2.477064220183478,2503.0,63.0,2.581967213114744
48000,130,ah,-200,legacy,-33.072437323412096,-39.20976292071153,5.194471655107236,1.524053278513778,-1.5906486048016413,4.466124937677362,0.15967774391174316,2.8319441609912448e-05,0.014786243438720703,644.0,-86.0,-11.780821917808215,960.0,-130.0,-11.926605504587151,2168.0,-272.0,-11.147540983606552
48000,130,ah,-200,synchronous,0.00340409354867597,-52.78973682119882,1.294066733587895,1.1464551021805471,-0.577665076091707,1.5291371923016124,0.1672687530517578,1.2445656789673699e-05,0.017186522483825684,754.0,24.0,3.287671232876721,1090.0,0.0,0.0,2443.0,3.0,0.12295081967212962
48000,130,ah,-200,spectral,0.0032287672391519222,-52.42670631008507,3.012567724882896,2.3459316807273582,0.26517778806464143,1.4434654849917805,0.17664217948913574,1.2102429237630632e-05,0.017627954483032227,725.0,-5.0,-0.6849315068493178,1056.0,-34.0,-3.119266055045866,2315.0,-125.0,-5.122950819672134
48000,130,ah,200,legacy,28.905944239838906,-36.96588428234798,5.3456483191732636,1.516595659151012,-1.3951344716436689,3.535269652939783,0.15974807739257812,-5.396323071585761e-06,0.018636703491210938,807.0,77.0,10.547945205479458,1213.0,123.0,11.284403669724764,2723.0,283.0,11.598360655737693
48000,130,ah,200,synchronous,0.0010468034690558758,-52.843408141267425,1.3448011095037486,1.21105347885767,-0.9528349847821829,0.5379441762365669,0.14805865287780762,5.7372769547833333e-05,0.01505589485168457,690.0,-40.0,-5.47945205479452,1090.0,0.0,0.0,2443.0,3.0,0.12295081967212962
48000,130,ah,200,spectral,0.0009729142288625371,-53.166752203721856,2.4974776859390038,2.1308972811729716,-1.2846130494663228,0.43995351755941925,0.160003662109375,3.456539577907986e-06,0.016632080078125,773.0,43.0,5.890410958904102,1110.0,20.0,1.83486238532109,2533.0,93.0,3.8114754098360626
48000,130,ah,-300,legacy,-51.077973310409874,-31.11634710397049,7.0455864217695865,1.7675039123117193,-1.535591006021496,4.3107373536727795,0.15978646278381348,8.094723025957743e-05,0.013982534408569336,610.0,-120.0,-16.43835616438356,907.0,-183.0,-16.788990825688078,2047.0,-393.0,-16.106557377049178
48000,130,ah,-300,synchronous,-0.0003724394318178617,-52.86176256417072,1.0944643289708726,1.0745570501043933,-0.46871799670475045,1.3577564681739247,0.1721327304840088,-4.0301018291049535e-05,0.01766502857208252,727.0,-3.0,-0.4109589041095929,1103.0,13.0,1.192660550458724,2447.0,7.0,0.2868852459016358
48000,130,ah,-300,spectral,-0.00023173004427127675,-51.657415131164655,4.337244203365954,3.4188482850673156,0.7972412646386835,1.322488656991372,0.1884397268295288,-3.96082384718789e-05,0.01895904541015625,708.0,-22.0,-3.013698630136985,1033.0,-57.0,-5.229357798165135,2271.0,-169.0,-6.926229508196724
48000,130,ah,300,legacy,41.857661670727936,-24.555359919086527,7.509956297373039,1.547561161773098,-1.4847853091611976,4.022047219915797,0.15983057022094727,-4.664026200771332e-06,0.019728899002075195,853.0,123.0,16.84931506849314,1287.0,197.0,18.073394495412852,2883.0,443.0,18.155737704918028
48000,130,ah,300,synchronous,0.0017369930059205718,-52.765406035941005,1.0833917890474054,0.9584928825300955,0.009112537070194222,0.4800516208677601,0.15402758121490479,5.250424146652222e-06,0.015933871269226074,717.0,-13.0,-1.7808219178082174,1113.0,23.0,2.110091743119269,2437.0,-3.0,-0.12295081967212962
48000,130,ah,300,spectral,0.0017561525272586805,-52.626187340955035,3.427695142654408,3.1007915387464684,-2.0045090950177764,0.4102753600660185,0.160003662109375,-5.901385512616899e-06,0.016632080078125,723.0,-7.0,-0.9589041095890427,1153.0,63.0,5.779816513761471,2530.0,90.0,3.688524590163933
48000,130,ah,-500,legacy,-91.55293535841663,-14.608151849814321,9.977387146833943,2.8893761200053243,-1.515606565332028,4.211784828721468,0.15995001792907715,-8.34202186928855e-06,0.012449145317077637,547.0,-183.0,-25.068493150684933,807.0,-283.0,-25.963302752293583,1831.0,-609.0,-24.959016393442624
48000,130,ah,-500,synchronous,-0.0014370835228121256,-52.983321187404485,1.1439902588556559,1.09270405812261,-0.5407606064479759,0.8469784297523015,0.18228769302368164,-1.0406544639004601e-05,0.018735289573669434,741.0,11.0,1.5068493150685036,1100.0,10.0,0.917431192660545,2446.0,6.0,0.24590163934425924
48000,130,ah,-500,spectral,-0.0011800974008669334,-50.40308948428936,5.368567763552673,3.370046552744923,1.6017937829072504,0.7139709973899546,0.20196354389190674,-1.5912200841638777e-05,0.020412683486938477,744.0,14.0,1.9178082191780854,1016.0,-74.0,-6.788990825688068,2128.0,-312.0,-12.786885245901637
48000,130,ah,500,legacy,65.55417194885099,-8.869969659530735,11.44733078397612,1.5634918326329652,-1.4548673381072132,3.2494717802403854,0.15991485118865967,5.492981109354231e-05,0.02213883399963379,957.9999999999999,227.9999999999999,31.23287671232875,1446.0,356.0,32.66055045871559,3236.0,796.0,32.62295081967213
48000,130,ah,500,synchronous,-0.0015416790778409108,-52.65852932858586,1.3730192711656244,1.0252236787873865,-1.2779703658245753,1.1036214689888,0.132942795753479,7.772818207740784e-07,0.01424264907836914,763.0,33.0,4.520547945205489,1103.0,13.0,1.192660550458724,2437.0,-3.0,-0.12295081967212962
48000,130,ah,500,spectral,-0.00156420549442858,-51.968307204654025,4.648039800306016,4.383856996127055,-2.9411714256321178,0.9146675637707982,0.160003662109375,4.5769703057077195e-06,0.016632080078125,767.0,37.0,5.068493150684938,1103.0,13.0,1.192660550458724,2503.0,63.0,2.581967213114744
48000,130,ah,-700,legacy,-138.07834802389894,-9.34563430769151,12.58129634105595,5.080999999272394,-1.4416441345824718,4.200750258269299,0.15970981121063232,-0.00010203615658813052,0.011079788208007812,487.99999999999994,-242.00000000000006,-33.15068493150686,720.0,-370.0,-33.944954128440365,1644.0,-796.0,-32.622950819672134
48000,130,ah,-700,synchronous,-0.0016726480630424522,-52.81683554442894,1.3514475159443196,1.2862763851097572,-0.5706403066988411,2.4764214144868273,0.19313526153564453,-2.0147073600027296e-05,0.019848227500915527,747.0,17.0,2.328767123287667,1084.0,-6.0,-0.5504587155963248,2447.0,7.0,0.2868852459016358
48000,130,ah,-700,spectral,-0.0017629171988023725,-50.02142081598435,7.166582207554501,3.52072910442219,1.4115442239106528,2.037786728743991,0.1875298023223877,3.2276242143578e-05,0.01801168918609619,711.0,-19.0,-2.602739726027392,973.0,-117.0,-10.733944954128438,1885.0,-555.0,-22.745901639344257
48000,130,ah,700,legacy,86.38927717384071,-4.089408667797072,16.082843644749612,6.562790511433289,-1.4674041118371604,2.6631233370972653,0.15992403030395508,-5.029360039366616e-05,0.02480912208557129,1045.0,315.0,43.150684931506845,1560.0,470.0,43.11926605504588,3579.0,1139.0,46.68032786885246
48000,130,ah,700,synchronous,-0.0011526416414424792,-52.95605825670041,0.5803014755628271,0.5398757722683265,0.2893383819334761,0.4218076612251862,0.1427316665649414,2.900457216633691e-05,0.0142136812210083,724.0,-6.0,-0.8219178082191747,1083.0,-7.0,-0.6422018348623881,2440.0,0.0,0.0
48000,130,ah,700,spectral,-0.0011533856253782622,-51.19858575867204,6.962092554243914,5.792858622793947,-3.9456523257686635,0.5656579224309565,0.160003662109375,2.0952725576029884e-05,0.016632080078125,698.9999999999999,-31.000000000000114,-4.246575342465764,1116.0,26.0,2.3853211009174258,3586.0,1146.0,46.96721311475409
48000,130,ah,-1200,legacy,-289.2035242834694,-4.0461571562527805,18.628556818301472,10.623400765213125,-1.4597669077772357,3.5498417085261424,0.15971362590789795,-2.3420900106430053e-07,0.008295774459838867,364.9999999999999,-365.0000000000001,-50.00000000000002,788.0,-302.0,-27.70642201834862,4154.0,1714.0,70.24590163934425
48000,130,ah,-1200,synchronous,0.00022309183444663505,-52.87814897358287,1.4561197113118285,1.391661550038518,-0.5673896802881525,2.842881824046996,0.22307145595550537,-1.8222878376642862e-07,0.02291548252105713,750.0,20.0,2.7397260273972712,1093.0,3.0,0.2752293577981568,2447.0,7.0,0.2868852459016358
48000,130,ah,-1200,spectral,0.0006630019555152336,-49.27144567211616,10.913473890744662,7.017898810515729,-1.4121665968459705,2.5169755005724714,0.160003662109375,1.4178454875946046e-07,0.016632080078125,571.0,-159.0,-21.780821917808225,946.0,-144.0,-13.211009174311927,1345.0,-1095.0,-44.877049180327866
48000,130,ah,1200,legacy,128.29748063382578,-1.2842448459697442,35.397594020141206,28.151317839659722,-1.4534560341220912,0.10698210810090777,0.15990948677062988,-3.6109238862991336e-07,0.032985806465148926,1307.0,577.0,79.04109589041096,1962.0,872.0,80.0,3346.0,906.0,37.13114754098361
48000,130,ah,1200,synchronous,-0.00019516373021788859,-52.682865222320984,0.30212609442752225,0.29578695369280245,1.0806800462780524,0.40005784476946094,0.13744878768920898,-3.076841433842977e-07,0.014947295188903809,730.0,0.0,0.0,1087.0,-3.0,-0.27522935779816793,2437.0,-3.0,-0.12295081967212962
48000,130,ah,1200,spectral,-0.00019575715332017818,-48.18199996463646,12.622180649030666,8.181166603982126,-4.409765200638494,0.6033378053824213,0.160003662109375,-8.131480879253812e-08,0.016632080078125,674.9999999999999,-55.000000000000114,-7.534246575342484,1683.0,593.0,54.403669724770644,3809.0,1369.0,56.10655737704917
48000,130,ee,0,legacy,-0.00023785377844211622,-52.94553500067049,0.11524444233321368,0.11524444233321526,0.0,0.9234789368565087,0.160003662109375,-6.357828776041667e-08,0.008331298828125,270.0,0.0,0.0,2290.0,0.0,0.0,3010.0,0.0,0.0
48000,130,ee,0,synchronous,-0.00023785377844211622,-52.94553500067049,0.11524444233321368,0.11524444233321526,0.0,0.9234789368565087,0.160003662109375,-6.357828776041667e-08,0.008331298828125,270.0,0.0,0.0,2290.0,0.0,0.0,3010.0,0.0,0.0
48000,130,ee,0,spectral,-0.00023785377844211622,-52.94553500067049,0.11524444233321368,0.11524444233321526,0.0,0.9234789368565087,0.160003662109375,-6.357828776041667e-08,0.008331298828125,270.0,0.0,0.0,2290.0,0.0,0.0,3010.0,0.0,0.0
48000,130,ee,-0.1,legacy,-0.0005746663237557207,-52.9556849994269,0.14377619482636167,0.14072269104214094,-0.0008714503712122343,0.9547586708091218,0.15997278690338135,1.187953684065077e-07,0.00832974910736084,270.0,0.0,0.0,2290.0,0.0,0.0,3007.0,-3.0,-0.09966777408637606
48000,130,ee,-0.1,synchronous,-0.0005612423168928238,-52.924972283408415,0.13902959694880498,0.13768455488069298,-0.0011533125140094384,1.3169494421303853,0.15999996662139893,-1.6988482740190294e-06,0.008325695991516113,270.0,0.0,0.0,2290.0,0.0,0.0,3007.0,-3.0,-0.09966777408637606
48000,130,ee,-0.1,spectral,-0.000545965783057757,-52.94595347070061,0.2646680148220357,0.26214820500170505,-0.003431448398418567,0.9510075123059314,0.1630237102508545,1.517724659707811e-07,0.008461356163024902,270.0,0.0,0.0,2290.0,0.0,0.0,3007.0,-3.0,-0.09966777408637606
48000,130,ee,0.1,legacy,0.00010111140267737493,-52.9559247763412,0.14897603723450417,0.14439487709973448,-0.0013718367140783388,0.9447674079799278,0.15997111797332764,-1.9397172662946912e-07,0.008330106735229492,270.0,0.0,0.0,2290.0,0.0,0.0,3007.0,-3.0,-0.09966777408637606
48000,130,ee,0.1,synchronous,5.694783917755184e-05,-52.92194430913176,0.14484935665706403,0.14027828668683143,-0.001218414317914329,1.3443595633391094,0.15999317169189453,1.620683405134413e-06,0.008327245712280273,270.0,0.0,0.0,2290.0,0.0,0.0,3007.0,-3.0,-0.09966777408637606
48000,130,ee,0.1,spectral,7.238109448806494e-05,-52.690195211321665,0.4989101703432532,0.4847402061222637,-0.003710292724611681,0.9427079730341305,0.16218209266662598,-1.3333227899339465e-07,0.00837409496307373,270.0,0.0,0.0,2287.0,-3.0,-0.13100436681222627,3003.0,-7.0,-0.23255813953488857
48000,130,ee,-1,legacy,-0.0055371214045412875,-53.32805320596107,0.16241245329609735,0.1420715320178765,-0.005343212765945263,1.3359508684425,0.1599942445755005,2.2449369231859844e-05,0.008314013481140137,270.0,0.0,0.0,2287.0,-3.0,-0.13100436681222627,3007.0,-3.0,-0.09966777408637606
48000,130,ee,-1,synchronous,-0.0027307365499493253,-53.306580107876506,0.16169616116895896,0.15350226542244544,-0.0005024271691108537,1.2313673558688194,0.16004276275634766,-1.3638453351126776e-05,0.008324027061462402,270.0,0.0,0.0,2287.0,-3.0,-0.13100436681222627,3007.0,-3.0,-0.09966777408637606
48000,130,ee,-1,spectral,-0.0027082977767548607,-53.401421147898425,0.3172922666882549,0.29096324004696805,-0.03470312385220908,1.3115796303343974,0.16259515285491943,2.0950569046868218e-05,0.008383631706237793,270.0,0.0,0.0,2287.0,-3.0,-0.13100436681222627,3003.0,-7.0,-0.23255813953488857
48000,130,ee,1,legacy,0.005264854939760764,-53.3225090829029,0.13944161142607492,0.13944161142607528,-0.009145574899682742,1.1995500062512194,0.1599947214126587,1.1354792449209426e-05,0.008327841758728027,270.0,0.0,0.0,2290.0,0.0,0.0,3010.0,0.0,0.0
48000,130,ee,1,synchronous,0.0024271816421920153,-53.297960863178105,0.13717793517727253,0.1353446426190216,-0.0019714596946611034,1.3914117162784942,0.1599513292312622,1.1016685101721022e-05,0.008324742317199707,270.0,0.0,0.0,2290.0,0.0,0.0,3007.0,-3.0,-0.09966777408637606
48000,130,ee,1,spectral,0.0024377243869297114,-53.15104721093859,0.44443806718093665,0.42351595744291815,-0.03621742099764077,1.177635967835169,0.16085386276245117,1.0467055771085951e-05,0.008331298828125,270.0,0.0,0.0,2287.0,-3.0,-0.13100436681222627,3003.0,-7.0,-0.23255813953488857
48000,130,ee,-5,legacy,-0.07479914932556957,-52.885489569515556,0.2926525404173468,0.16287648567966911,-0.14707016604189999,1.5915678641466027,0.15985989570617676,0.00015605648358662922,0.008282303810119629,270.0,0.0,0.0,2283.0,-7.0,-0.30567685589519833,3000.0,-10.0,-0.33222591362126463
48000,130,ee,-5,synchronous,-0.0005509758363180978,-52.82953256601766,0.2590313259464399,0.22944714376255856,-0.015023944845751081,1.4092766970508617,0.16023170948028564,0.00021514352824952867,0.008321762084960938,270.0,0.0,0.0,2284.0,-6.0,-0.26200873362445254,3007.0,-3.0,-0.09966777408637606
48000,130,ee,-5,spectral,-0.000533640688961045,-52.8791134739311,0.3012223788359803,0.28731509241039643,-0.1791619887984185,1.4082194790585594,0.160003662109375,0.00018704933010869556,0.008331298828125,267.0,-3.0,-1.1111111111111072,2287.0,-3.0,-0.13100436681222627,3010.0,0.0,0.0
48000,130,ee,5,legacy,0.07445467373298188,-52.91571448891322,0.22540423170911209,0.17290586600871882,-0.15260394345708955,1.514822379816621,0.15989816188812256,-2.3646677533785502e-05,0.008331060409545898,270.0,0.0,0.0,2294.0,4.0,0.17467248908296096,3017.0,7.0,0.23255813953488857
48000,130,ee,5,synchronous,0.0001760984176049363,-52.91403865162014,0.19584104655085421,0.18659625351794873,-0.003390385813162633,1.362151079722105,0.15977060794830322,-9.255950235658221e-05,0.008319616317749023,270.0,0.0,0.0,2293.0,3.0,0.13100436681223737,3010.0,0.0,0.0
48000,130,ee,5,spectral,0.00016022232503987507,-52.865788510500835,0.41172679848967253,0.38342285155441097,-0.17199900745676536,1.3495508235015978,0.160003662109375,-1.8079280853271484e-05,0.008331298828125,267.0,-3.0,-1.1111111111111072,2293.0,3.0,0.13100436681223737,3017.0,7.0,0.23255813953488857
48000,130,ee,-10,legacy,-0.34675499380700475,-52.96319433760252,0.6308890632846071,0.41283052991872904,-0.5465714532836919,1.9044184266302386,0.1598951816558838,-0.00019741435431771807,0.008243918418884277,270.0,0.0,0.0,2277.0,-13.0,-0.5676855895196509,2987.0,-23.0,-0.7641196013289053
48000,130,ee,-10,synchronous,-0.0008586866826686525,-52.86591743405403,0.39253986369681826,0.3255605206602945,-0.04115353505823995,1.420620400716937,0.16044795513153076,-0.00010930086589521832,0.00830698013305664,270.0,0.0,0.0,2280.0,-10.0,-0.4366812227074246,3003.0,-7.0,-0.23255813953488857
48000,130,ee,-10,spectral,-0.0008630688592880758,-52.8516935368056,0.41622765397851613,0.27954384909837426,-0.3444986260160683,1.4146632764829359,0.160003662109375,-0.00017234747608502705,0.008331298828125,267.0,-3.0,-1.1111111111111072,2280.0,-10.0,-0.4366812227074246,2997.0,-13.0,-0.4318936877076407
48000,130,ee,10,legacy,0.3473845108952152,-52.944699230751226,0.5487916151392292,0.41360843882509823,-0.5396544933889431,1.9545004668455945,0.15987610816955566,9.714797139167785e-05,0.008338689804077148,273.0,3.0,1.1111111111111072,2303.0,13.0,0.5676855895196509,3023.0,13.0,0.4318936877076407
48000,130,ee,10,synchronous,0.0006599529425095585,-52.86714381326834,0.32243006011955383,0.281155037822339,0.021301132757947837,1.328855954378848,0.1595393419265747,0.00022286550866232977,0.008318662643432617,270.0,0.0,0.0,2297.0,7.0,0.30567685589519833,3013.0,3.0,0.09966777408638716
48000,130,ee,10,spectral,0.000642054392952305,-52.88249121448007,0.40226428319563773,0.38447422304524453,-0.30725843006930526,1.34160693732511,0.160003662109375,6.886390762196647e-05,0.008331298828125,267.0,-3.0,-1.1111111111111072,2293.0,3.0,0.13100436681223737,3013.0,3.0,0.09966777408638716
48000,130,ee,-25,legacy,-7.142138729416558,-51.71685022869322,3.1016784776477695,2.8113342179806176,-2.032201841889518,2.784044014199854,0.15963196754455566,-4.853982892301348e-06,0.008159041404724121,276.0,6.0,2.2222222222222143,2257.0,-33.0,-1.4410480349345,2950.0,-60.0,-1.9933554817275767
48000,130,ee,-25,synchronous,-0.0014639801665554742,-53.170175117627814,0.6446801189924168,0.5574361640305487,-0.06372580717068055,1.4483566048271312,0.161157488822937,-0.00018186912768416934,0.008305907249450684,270.0,0.0,0.0,2273.0,-17.0,-0.7423580786026229,3003.0,-7.0,-0.23255813953488857
48000,130,ee,-25,spectral,-0.0014728537543605858,-53.1055869194256,0.5842750258943712,0.4265036404353451,-0.7029398532157637,1.4432198295320817,0.160003662109375,-0.00015644798676172893,0.008331298828125,267.0,-3.0,-1.1111111111111072,2277.0,-13.0,-0.5676855895196509,2990.0,-20.0,-0.6644518272425293
48000,130,ee,25,legacy,7.308934945333071,-51.713483802109465,3.041883776026831,2.8891584780664266,-2.0537435125849393,2.8689347932138616,0.15964388847351074,7.494940525955624e-05,0.008435368537902832,283.0,13.0,4.814814814814805,2323.0,33.0,1.4410480349345,3037.0,27.0,0.8970099667774178
48000,130,ee,25,synchronous,0.002099040858589038,-53.18931900464125,0.6212525761876966,0.4876992503546305,0.04208103653178334,1.2450304878431417,0.1589663028717041,0.00019451696425676346,0.00826728343963623,270.0,0.0,0.0,2307.0,17.0,0.7423580786026118,3010.0,0.0,0.0
48000,130,ee,25,spectral,0.0020556781766164793,-53.181088999887905,0.7328789517567149,0.5124664378292922,-0.6369966939548098,1.2600441944743763,0.160003662109375,2.1478844185670217e-05,0.008331298828125,270.0,0.0,0.0,2310.0,20.0,0.8733624454148492,3027.0,17.0,0.5647840531561421
48000,130,ee,-50,legacy,-4.008771885774707,-52.589943831904435,2.3387171326258294,1.06961847031867,-1.1637729732096807,3.1938258818316685,0.15977895259857178,-0.00012274061226182515,0.008051872253417969,267.0,-3.0,-1.1111111111111072,2223.0,-67.0,-2.925764192139735,2917.0,-93.0,-3.0897009966777356
48000,130,ee,-50,synchronous,-0.001912453621372145,-53.17937441761608,0.8721503145453061,0.7391297946141807,-0.09407456186897271,1.4780617635836368,0.16232657432556152,-2.3257297774155934e-05,0.008378267288208008,270.0,0.0,0.0,2316.0,26.0,1.1353711790393017,3013.0,3.0,0.09966777408638716
48000,130,ee,-50,spectral,-0.0018070777620461322,-53.08902058647114,1.0937398212839806,0.7468920732079064,-0.7957503596304198,1.4994734634601412,0.160003662109375,-2.8348457482126024e-05,0.008331298828125,270.0,0.0,0.0,2274.0,-16.0,-0.6986899563318771,2963.0,-47.0,-1.561461794019936
48000,130,ee,50,legacy,3.3179636240222807,-53.42380993868651,2.220102450694059,0.9437147123932764,-1.1383862121728892,3.305154613672432,0.15970921516418457,0.0001301312819123268,0.008523821830749512,283.0,13.0,4.814814814814805,2354.0,64.0,2.7947598253275086,3090.0,80.0,2.657807308970095
48000,130,ee,50,synchronous,0.002193411423370711,-53.239281922191,0.8880989317182798,0.7710397485104535,0.023695565085172548,1.1227559898161437,0.15816950798034668,-2.2405464616086747e-05,0.008207201957702637,270.0,0.0,0.0,2316.0,26.0,1.1353711790393017,3006.0,-4.0,-0.1328903654485014
48000,130,ee,50,spectral,0.0022689117911741355,-53.214103799420926,1.2452885801470692,0.8283321257180454,-0.674438113427472,1.1454344531958842,0.160003662109375,-0.00016539115872648029,0.008331298828125,276.0,6.0,2.2222222222222143,2324.0,34.0,1.4847161572052459,3043.0,33.0,1.09634551495017
48000,130,ee,-100,legacy,-18.93505507336353,-49.52142894225983,4.939488583548357,3.4304112434897944,-0.9896781084997655,3.4968332132261404,0.15985143184661865,-0.00015584062370989056,0.007809758186340332,260.0,-10.0,-3.703703703703709,2167.0,-123.0,-5.37117903930131,2843.0,-167.0,-5.548172757475078
48000,130,ee,-100,synchronous,0.0010068117692002831,-52.935941428689866,0.3845964386076509,0.3810259768747629,-0.22128084766445544,1.483114999427677,0.16468048095703125,4.57762512895796e-05,0.008544683456420898,270.0,0.0,0.0,2287.0,-3.0,-0.13100436681222627,3010.0,0.0,0.0
48000,130,ee,-100,spectral,0.0009712193720674646,-52.52101893283129,1.8968194275378814,1.385400187180703,-0.7662679397297211,1.4852144922672879,0.160003662109375,7.815149509244495e-05,0.008407354354858398,267.0,-3.0,-1.1111111111111072,2253.0,-37.0,-1.6157205240174721,2927.0,-83.0,-2.757475083056482
48000,130,ee,100,legacy,16.45630988765392,-48.98339693141181,4.097630376259823,1.5978138034518115,-1.0908515287209097,3.163120564597162,0.1597498655319214,0.00010453328490257263,0.008760333061218262,293.0,23.0,8.518518518518526,2423.0,133.0,5.807860262008724,3177.0,167.0,5.548172757475078
48000,130,ee,100,synchronous,0.0013712852311383039,-53.157798751488706,0.3963672749181337,0.3963672749181343,0.007495589300240247,0.8254227375383618,0.15719544887542725,0.00018112144536442228,0.00811469554901123,270.0,0.0,0.0,2290.0,0.0,0.0,3010.0,0.0,0.0
48000,130,ee,100,spectral,0.0013168807057048722,-52.74304370402315,1.877288865585913,1.418358646353368,-0.6150261377852937,0.8884290671778348,0.160003662109375,-6.38179812166426e-05,0.008331298828125,274.0,4.0,1.4814814814814836,2303.0,13.0,0.5676855895196509,3093.0,83.0,2.757475083056482
48000,130,ee,-200,legacy,-33.072431587989705,-38.09754828175075,6.768063551242205,1.6769063041894532,-1.291638353215607,3.4665832973207085,0.1598740816116333,-6.290550033251444e-05,0.007383465766906738,243.0,-27.0,-9.999999999999998,2040.0,-250.0,-10.917030567685593,2673.0,-337.0,-11.196013289036543
48000,130,ee,-200,synchronous,0.0031649292659552447,-53.29187528975608,0.4982346337442488,0.4723057881857163,-0.4967739960830452,1.4478572232278242,0.16949748992919922,2.2490140464570788e-05,0.008802056312561035,270.0,0.0,0.0,2283.0,-7.0,-0.30567685589519833,3010.0,0.0,0.0
48000,130,ee,-200,spectral,0.003214646435057829,-52.042621891691454,2.875090292046288,2.521514008412551,-1.111424876343817,1.2870403145554112,0.16105175018310547,-9.925969772868687e-06,0.009013533592224121,260.0,-10.0,-3.703703703703709,2253.0,-37.0,-1.6157205240174721,2923.0,-87.0,-2.8903654485049834
48000,130,ee,200,legacy,28.906007836852794,-35.19000563723332,6.955743598244852,1.5315227059836904,-1.1406439498176666,2.8684647407635837,0.15982592105865479,-9.960362480746376e-05,0.009294390678405762,313.0,43.0,15.92592592592592,2567.0,277.0,12.09606986899563,3367.0,357.0,11.860465116279073
48000,130,ee,200,synchronous,0.000928663219498032,-53.012292748751726,0.43656892749865944,0.39364868947539755,-0.30590226929867703,0.5021470317194119,0.1527806520462036,0.00010688669565651151,0.008051753044128418,273.0,3.0,1.1111111111111072,2283.0,-7.0,-0.30567685589519833,3007.0,-3.0,-0.09966777408637606
48000,130,ee,200,spectral,0.0009714628122276494,-51.858861021326106,2.635277236452717,2.13180664562602,-0.5459979944965281,0.5161425231857829,0.160003662109375,0.00010710761778884463,0.008331298828125,277.0,7.0,2.592592592592591,2277.0,-13.0,-0.5676855895196509,3133.0,123.0,4.086378737541518
48000,130,ee,-300,legacy,-51.07790451394827,-27.966218290801113,8.972471283918397,1.8095081224554388,-1.2504909650389142,3.599767521359019,0.15986835956573486,0.00013300918456580905,0.007003426551818848,230.0,-40.0,-14.814814814814813,1927.0,-363.0,-15.85152838427948,2523.0,-487.0,-16.17940199335548
48000,130,ee,-300,synchronous,-0.00017013717661828185,-53.04461948928421,0.8146182264766989,0.8015659185004602,-0.706292084362842,1.2223017010311317,0.17445063591003418,-9.113395379649268e-05,0.009045243263244629,273.0,3.0,1.1111111111111072,2280.0,-10.0,-0.4366812227074246,3007.0,-3.0,-0.09966777408637606
48000,130,ee,-300,spectral,-0.00021646904182763153,-50.70423272169549,3.3985808798339443,3.1533284032172095,-1.3285854948446199,1.1334420756784782,0.16357135772705078,-0.00024138236625327004,0.009733915328979492,256.0,-14.0,-5.185185185185182,2253.0,-37.0,-1.6157205240174721,2913.0,-97.0,-3.222591362126248
48000,130,ee,300,legacy,41.85756621478128,-22.767094189771505,9.364820952862113,1.516486843425235,-1.2170048274180825,3.0447484104384097,0.15984022617340088,1.8595784074730344e-05,0.009817719459533691,333.0,63.0,23.33333333333334,2720.0,430.0,18.777292576419224,3567.0,557.0,18.50498338870432
48000,130,ee,300,synchronous,0.001729296903436239,-53.109285570215306,0.6201516823225447,0.4432248418145805,-0.911123921311317,0.5167872721532097,0.1441866159439087,1.6103080577320523e-05,0.007841229438781738,276.0,6.0,2.2222222222222143,2270.0,-20.0,-0.8733624454148492,3003.0,-7.0,-0.23255813953488857
48000,130,ee,300,spectral,0.0017600488366071427,-50.85594393226111,3.049901513822828,2.495899699620448,-0.32985671654854876,0.49787581623428717,0.160003662109375,8.895378559827804e-05,0.008331298828125,280.0,10.0,3.703703703703698,2250.0,-40.0,-1.7467248908296984,3150.0,140.0,4.651162790697683
48000,130,ee,-500,legacy,-91.55254336452296,-15.29589547839733,12.776973572251599,1.9239697782129819,-1.2396754906353697,3.3310265217325714,0.15984022617340088,-0.00014167990535497667,0.0062111616134643555,202.0,-68.0,-25.185185185185187,1720.0,-570.0,-24.890829694323145,2244.0,-766.0,-25.44850498338871
48000,130,ee,-500,synchronous,-0.001125108473715936,-53.00273196281512,0.6043872492235824,0.581868966761659,-0.5861888118632894,0.8197955299838984,0.18485021591186523,-5.7973795466952855e-05,0.009608745574951172,273.0,3.0,1.1111111111111072,2297.0,7.0,0.30567685589519833,3010.0,0.0,0.0
48000,130,ee,-500,spectral,-0.0011886359122905662,-48.33237962916019,6.332625774201769,4.1538047896222965,-1.7263453013011287,0.6537264509542711,0.17152881622314453,0.00020270167539517084,0.009900450706481934,240.0,-30.0,-11.111111111111116,2186.0,-104.0,-4.541484716157207,2597.0,-413.0,-13.720930232558137
48000,130,ee,500,legacy,65.5541406745204,-11.600743872810595,13.859158587063439,1.5128849059814784,-1.1865115989196076,2.6946468274210367,0.15994036197662354,9.082419176896414e-05,0.011021733283996582,378.0,108.0,39.99999999999999,3049.0,759.0,33.144104803493455,4007.0,997.0,33.122923588039875
48000,130,ee,500,synchronous,-0.0015571263330080689,-52.903325066460155,0.8139360206719326,0.5958828068795803,-2.1634966922921417,0.9578950361156278,0.11978018283843994,-5.060499327050315e-05,0.006629586219787598,267.0,-3.0,-1.1111111111111072,2314.0,24.0,1.0480349344978102,3010.0,0.0,0.0
48000,130,ee,500,spectral,-0.0015623089238516216,-48.561688493939066,5.499347233648986,4.664014401080498,-0.9049222763881428,1.060131203060205,0.160003662109375,9.627383616235521e-06,0.008331298828125,300.0,30.0,11.111111111111116,2313.0,23.0,1.0043668122270644,3200.0,190.0,6.312292358803995
48000,130,ee,-700,legacy,-138.08120141521567,-11.554417203820568,16.49247342126534,2.504761049528047,-1.179653074699603,3.2004003927231217,0.15973937511444092,0.0001469073568781217,0.005541205406188965,179.0,-91.0,-33.7037037037037,1533.0,-757.0,-33.056768558951966,2001.0,-1009.0,-33.52159468438538
48000,130,ee,-700,synchronous,-0.0018368591829393494,-53.106996810766,0.7875063543898945,0.7325434128401254,-0.5508219280260157,2.3732207304937134,0.19581997394561768,1.3928901818063524e-06,0.0101776123046875,280.0,10.0,3.703703703703698,2300.0,10.0,0.4366812227074135,3010.0,0.0,0.0
48000,130,ee,-700,spectral,-0.0019000674785585687,-46.69757711102868,9.075017751438974,4.2990116671503475,-2.190854819779121,1.8064284048218244,0.17216193675994873,1.7619079185856713e-05,0.008331298828125,232.0,-38.0,-14.074074074074073,1973.0,-317.0,-13.842794759825328,2400.0,-610.0,-20.26578073089701
48000,130,ee,700,legacy,86.38928485048115,-7.230020489292763,19.86405972811889,6.593781378838586,-1.201528927378008,2.311593544495733,0.15973544120788574,-7.652537276347478e-05,0.012348771095275879,428.0,158.0,58.518518518518526,3430.0,1140.0,49.78165938864629,4451.0,1441.0,47.87375415282391
48000,130,ee,700,synchronous,-0.0011457812852338992,-52.848293841518405,0.4228483190524951,0.3492106379296308,-1.530420515162743,0.3412094732962998,0.11109089851379395,2.946948425637351e-05,0.006523013114929199,263.0,-7.0,-2.592592592592591,2283.0,-7.0,-0.30567685589519833,3007.0,-3.0,-0.09966777408637606
48000,130,ee,700,spectral,-0.001158528808804499,-47.18079421946715,9.479767255166546,4.871213784235492,-1.0355755864754803,0.4970353990748462,0.160003662109375,2.4373879035313925e-05,0.008331298828125,325.0,55.0,20.370370370370374,2468.0,178.0,7.772925764192129,4401.0,1391.0,46.2126245847176
48000,130,ee,-1200,legacy,-289.1971003255957,-7.241577196410586,22.14287276317264,10.338479144530675,-1.1950728200891585,2.5148686270585845,0.15938949584960938,-1.1922170718510945e-07,0.004147648811340332,138.5,-131.5,-48.7037037037037,1170.0,-1120.0,-48.90829694323144,1527.0,-1483.0,-49.26910299003322
48000,130,ee,-1200,synchronous,0.00017050280908603802,-53.136845841731486,1.083721262717837,1.0279033956767976,-0.5732353483664052,2.8370317222483625,0.22598695755004883,-1.0142723719278971e-07,0.011688947677612305,283.0,13.0,4.814814814814805,2300.0,10.0,0.4366812227074135,3007.0,-3.0,-0.09966777408637606
48000,130,ee,-1200,spectral,0.0008388448299780509,-44.59692274585024,15.784763166043755,7.270402887957203,-2.7392734242051664,2.320643932167278,0.1826164722442627,-5.615709556473627e-07,0.008331298828125,299.0,29.0,10.74074074074074,1180.0,-1110.0,-48.47161572052402,2097.0,-913.0,-30.332225913621258
48000,130,ee,1200,legacy,128.29748389628347,-0.04769040955131773,36.47967442836507,28.00903091492945,-1.1941580563840524,0.05497290454403495,0.15979230403900146,-6.87191883722941e-08,0.01634538173675537,486.0,216.0,80.0,3286.0,996.0,43.493449781659386,4644.0,1634.0,54.28571428571429
48000,130,ee,1200,synchronous,-0.0002003317185836182,-52.89771765950754,0.17962992385515866,0.1767904866154263,1.5711057384062468,0.19444647168881218,0.13393712043762207,-1.451621452967326e-07,0.007384061813354492,270.0,0.0,0.0,2290.0,0.0,0.0,3007.0,-3.0,-0.09966777408637606
48000,130,ee,1200,spectral,-0.00020858752915881915,-43.66801257851328,13.530959669153813,5.041451397947545,-1.6551489456650461,0.39932898769867753,0.160003662109375,-7.78461496035258e-08,0.008331298828125,331.0,61.0,22.592592592592588,2689.0,399.0,17.423580786026193,4737.0,1727.0,57.37541528239203
48000,130,oo,0,legacy,-0.000255986127354494,-52.9389722907711,1.2153778686089889,1.21497894431194,0.0,0.9227728739196884,0.160003662109375,-1.9073486328125e-08,0.006988525390625,300.0,0.0,0.0,869.0,-1.0,-0.11494252873562871,2238.0,-2.0,-0.08928571428571397
48000,130,oo,0,synchronous,-0.000255986127354494,-52.9389722907711,1.2153778686089889,1.21497894431194,0.0,0.9227728739196884,0.160003662109375,-1.9073486328125e-08,0.006988525390625,300.0,0.0,0.0,869.0,-1.0,-0.11494252873562871,2238.0,-2.0,-0.08928571428571397
48000,130,oo,0,spectral,-0.000255986127354494,-52.9389722907711,1.2153778686089889,1.21497894431194,0.0,0.9227728739196884,0.160003662109375,-1.9073486328125e-08,0.006988525390625,300.0,0.0,0.0,869.0,-1.0,-0.11494252873562871,2238.0,-2.0,-0.08928571428571397
48000,130,oo,-0.1,legacy,-0.0005934025190951696,-52.967573148948226,1.2155552579012887,1.214280815678372,-0.0009624312546667991,0.9106212801691409,0.15999913215637207,-1.2049948175748188e-06,0.006987810134887695,300.0,0.0,0.0,870.0,0.0,0.0,2237.0,-3.0,-0.1339285714285765
48000,130,oo,-0.1,synchronous,-0.0005517267313261356,-52.550872759144156,1.1883605854396162,1.1872501487199085,-0.0012514714014113322,1.3493104536780072,0.1600048542022705,-6.397730774349637e-07,0.006987214088439941,300.0,0.0,0.0,870.0,0.0,0.0,2237.0,-3.0,-0.1339285714285765
48000,130,oo,-0.1,spectral,-0.0005643655057537055,-52.955883774626116,2.255202728144532,2.2389984426417735,-0.003949342533460103,0.9121008863935622,0.16284358501434326,-1.2017165621121724e-06,0.007106423377990723,300.0,0.0,0.0,869.0,-1.0,-0.11494252873562871,2225.0,-15.0,-0.6696428571428603
48000,130,oo,0.1,legacy,8.35681497380028e-05,-52.95390879144485,1.21704714095697,1.2155652180013377,-0.0013977407447608638,0.9590732290229713,0.16000068187713623,1.335471040672726e-06,0.006988644599914551,300.0,0.0,0.0,870.0,0.0,0.0,2237.0,-3.0,-0.1339285714285765
48000,130,oo,0.1,synchronous,6.84596981283979e-05,-52.539017921776285,1.2202732831262062,1.2189586758974704,-0.001494200741149394,1.3433921417062775,0.15999650955200195,5.5092904302808976e-08,0.006988167762756348,300.0,0.0,0.0,870.0,0.0,0.0,2237.0,-3.0,-0.1339285714285765
48000,130,oo,0.1,spectral,5.458855714989913e-05,-52.88480692128215,2.2543815149141455,2.220156569119106,-0.004054741873245319,0.9560320274134697,0.16199171543121338,1.3407692313194276e-06,0.007031798362731934,297.0,-3.0,-1.0000000000000009,867.0,-3.0,-0.34482758620689724,2217.0,-23.0,-1.0267857142857162
48000,130,oo,-1,legacy,-0.005562211489914228,-53.37768041498484,1.216147058228534,1.213516865333637,-0.004456642148333513,1.2760536175808763,0.15998291969299316,-1.656545533074273e-06,0.006979227066040039,300.0,0.0,0.0,869.0,-1.0,-0.11494252873562871,2235.0,-5.0,-0.22321428571429047
48000,130,oo,-1,synchronous,-0.0027299735953828412,-52.93841517585459,1.0936198555035799,1.0911751948124757,-0.0009381162238139346,1.3397866935114227,0.16004860401153564,-1.9805079532994164e-05,0.006988167762756348,300.0,0.0,0.0,869.0,-1.0,-0.11494252873562871,2235.0,-5.0,-0.22321428571429047
48000,130,oo,-1,spectral,-0.002730626379837702,-53.38964301298663,2.350088584017847,2.3268905094592687,-0.03880149997128683,1.2593078984892925,0.16341853141784668,-2.286297579606374e-06,0.007134079933166504,297.0,-3.0,-1.0000000000000009,867.0,-3.0,-0.34482758620689724,2220.0,-20.0,-0.8928571428571397
48000,130,oo,1,legacy,0.005250208522321132,-53.37317891124737,1.2139065510114047,1.2132535147353538,-0.00849352518082352,1.30097158061798,0.1599884033203125,2.1142483585410646e-05,0.006987571716308594,300.0,0.0,0.0,870.0,0.0,0.0,2237.0,-3.0,-0.1339285714285765
48000,130,oo,1,synchronous,0.0024424597167070033,-52.924109301548164,1.3855921812457228,1.3848869733342137,-0.001999418248044944,1.3119824570963865,0.159956693649292,-1.3280378447638617e-05,0.006986856460571289,300.0,0.0,0.0,870.0,0.0,0.0,2237.0,-3.0,-0.1339285714285765
48000,130,oo,1,spectral,0.0024248455591170063,-53.32536804565699,2.272290458042702,2.2367942204808657,-0.03956252774452287,1.284095877842263,0.16167938709259033,2.1003803445233238e-05,0.007001161575317383,297.0,-3.0,-1.0000000000000009,867.0,-3.0,-0.34482758620689724,2217.0,-23.0,-1.0267857142857162
48000,130,oo,-5,legacy,-0.07481557353914448,-52.93679862320613,1.2177185820054006,1.2059062493128074,-0.14673380962394272,1.547394760563594,0.1599133014678955,0.00017702043470409182,0.0069626569747924805,300.0,0.0,0.0,867.0,-3.0,-0.34482758620689724,2230.0,-10.0,-0.44642857142856984
48000,130,oo,-5,synchronous,-0.0005604216379666285,-52.597952225847195,1.246463127936859,1.2415645925295375,-0.011444727453156637,1.356930753115595,0.16023039817810059,0.0001357788923713896,0.006992816925048828,300.0,0.0,0.0,867.0,-3.0,-0.34482758620689724,2233.0,-7.0,-0.31250000000000444
48000,130,oo,-5,spectral,-0.0005511877849496106,-52.950158432409324,2.3515556748776674,2.3247494171518874,-0.2047692326385141,1.3506078745697623,0.160003662109375,0.00018434479418728088,0.006988525390625,297.0,-3.0,-1.0000000000000009,863.0,-7.0,-0.8045977011494232,2220.0,-20.0,-0.8928571428571397
48000,130,oo,5,legacy,0.07446359002745172,-52.94696415514244,1.2114647370306664,1.2094624720784712,-0.14946129666750418,1.5710435147841273,0.1599341630935669,-8.746754378080368e-05,0.007004976272583008,300.0,0.0,0.0,873.0,3.0,0.34482758620688614,2243.0,3.0,0.1339285714285765
48000,130,oo,5,synchronous,0.00020734138286328867,-52.49084382062559,2.361915537110883,2.3618174538439254,-0.0034515565309123216,1.3354371688562985,0.1597764492034912,-7.454754577742682e-05,0.006984353065490723,300.0,0.0,0.0,872.0,2.0,0.22988505747125743,2241.0,1.0,0.04464285714285143
48000,130,oo,5,spectral,0.0001688279850921305,-52.915452641242204,1.944833691451551,1.936073838679367,-0.1905905156725901,1.3427172040564694,0.160003662109375,-8.476916700601577e-05,0.007091045379638672,297.0,-3.0,-1.0000000000000009,867.0,-3.0,-0.34482758620689724,2230.0,-10.0,-0.44642857142856984
48000,130,oo,-10,legacy,-0.34675391837202524,-53.082090536874425,1.2802068126213526,1.2489143085876826,-0.5430055587355266,1.867843252819126,0.1599104404449463,-0.00015375096764829423,0.006946086883544922,297.0,-3.0,-1.0000000000000009,866.0,-4.0,-0.45977011494252595,2225.0,-15.0,-0.6696428571428603
48000,130,oo,-10,synchronous,-0.0008653135568431459,-52.60046116362108,1.5986905119819192,1.5947163589010576,-0.04134812887299139,1.3540389353801157,0.16045665740966797,-5.232479837205675e-05,0.006996750831604004,300.0,0.0,0.0,866.0,-4.0,-0.45977011494252595,2235.0,-5.0,-0.22321428571429047
48000,130,oo,-10,spectral,-0.0008644724113269292,-52.97775556963603,2.50850573598209,2.4643892839792394,-0.39489642677471803,1.3517927044869984,0.160003662109375,-0.00011519315756029553,0.006988525390625,294.0,-6.0,-2.0000000000000018,866.0,-4.0,-0.45977011494252595,2215.0,-25.0,-1.1160714285714302
48000,130,oo,10,legacy,0.34736452609198754,-53.01765147467088,1.2693477008693868,1.2470163182944582,-0.5307976811589113,1.988948190307401,0.1599065065383911,0.00012247335579660204,0.007022976875305176,303.0,3.0,1.0000000000000009,876.0,6.0,0.6896551724137945,2251.0,11.0,0.4910714285714324
48000,130,oo,10,synchronous,0.0007024572392553095,-52.55318656202981,2.903622667829276,2.9003968991939613,0.01856239158241874,1.3390481320178598,0.15956711769104004,0.00021325073722336027,0.006980180740356445,300.0,0.0,0.0,872.0,2.0,0.22988505747125743,2248.0,8.0,0.3571428571428559
48000,130,oo,10,spectral,0.0006473771734396584,-52.94608883035696,1.971546624322489,1.9553354472084172,-0.34100617540322675,1.3135174760181374,0.160003662109375,7.291853427886962e-05,0.007113218307495117,297.0,-3.0,-1.0000000000000009,869.0,-1.0,-0.11494252873562871,2225.0,-15.0,-0.6696428571428603
48000,130,oo,-25,legacy,-7.142144974824316,-51.840876944918904,2.960829988229602,2.902468929161769,-2.009027493981885,3.0628620406419973,0.1597585678100586,-3.974156247244941e-06,0.006853461265563965,300.0,0.0,0.0,877.0,7.0,0.8045977011494232,2210.0,-30.0,-1.3392857142857095
48000,130,oo,-25,synchronous,-0.0014976735124371063,-52.8420140709272,1.5467188509035557,1.5355726437455726,-0.06712452323584853,1.3582418166688641,0.1611623764038086,-0.00017919663339853288,0.0070182085037231445,297.0,-3.0,-1.0000000000000009,863.0,-7.0,-0.8045977011494232,2233.0,-7.0,-0.31250000000000444
48000,130,oo,-25,spectral,-0.0014629324629921768,-53.221332791310836,2.5728258325561684,2.5266854249731314,-0.7173130918615533,1.348548607609367,0.160003662109375,-0.0001425643265247345,0.006988525390625,297.0,-3.0,-1.0000000000000009,862.0,-8.0,-0.919540229885063,2215.0,-25.0,-1.1160714285714302
48000,130,oo,25,legacy,7.308958963521818,-51.80698533079921,3.021503723581197,2.8648141646581835,-2.03136277914461,3.086054948269184,0.1597827672958374,7.662630743450588e-05,0.0070618391036987305,307.0,7.0,2.333333333333343,903.0,33.0,3.7931034482758585,2273.0,33.0,1.473214285714275
48000,130,oo,25,synchronous,0.001991982541287483,-52.84274313165181,1.387378595770361,1.3785763353667586,0.0385802850745256,1.3232742791703442,0.1590062379837036,0.0001517911503712336,0.006969332695007324,303.0,3.0,1.0000000000000009,876.0,6.0,0.6896551724137945,2235.0,-5.0,-0.22321428571429047
48000,130,oo,25,spectral,0.0020728387529176853,-53.22062642935631,2.398021806446415,2.3958941910069718,-0.6301187031803501,1.3245845246288515,0.160003662109375,4.341144114732742e-05,0.006988525390625,300.0,0.0,0.0,873.0,3.0,0.34482758620688614,2234.0,-6.0,-0.2678571428571419
48000,130,oo,-50,legacy,-4.00874024139564,-52.72980895684838,1.9845801966438614,1.5446891870191297,-1.1519934810105632,3.4963590912243827,0.15992486476898193,-0.0001268090887202157,0.006789445877075195,293.0,-7.0,-2.3333333333333317,852.0,-18.0,-2.0689655172413834,2175.0,-65.0,-2.9017857142857095
48000,130,oo,-50,synchronous,-0.0019927710027293675,-52.83863288158423,1.6029962952947872,1.5936539105531817,-0.0977465341025615,1.3787396520871273,0.1623305082321167,-2.540508078204261e-05,0.00707244873046875,296.0,-4.0,-1.3333333333333308,863.0,-7.0,-0.8045977011494232,2237.0,-3.0,-0.1339285714285765
48000,130,oo,-50,spectral,-0.00180867847205472,-53.208446811330475,3.227161758603922,3.10637520291755,-0.741758639350537,1.3828283872785998,0.160003662109375,1.710595770014657e-05,0.006988525390625,297.0,-3.0,-1.0000000000000009,857.0,-13.0,-1.4942528735632177,2193.0,-47.0,-2.098214285714284
48000,130,oo,50,legacy,3.317886292031907,-53.48514643955879,1.783410365063257,1.2618132600419438,-1.12472498522119,3.409231206995054,0.15996575355529785,0.00015280894107288785,0.0071675777435302734,310.0,10.0,3.3333333333333437,900.0,30.0,3.4482758620689724,2303.0,63.0,2.8124999999999956
48000,130,oo,50,synchronous,0.001909520273886451,-52.921674466725236,1.864531014024808,1.837102054086943,0.012602072904132598,1.2678946086482588,0.1582261323928833,-8.48239701655176e-05,0.006952524185180664,306.0,6.0,2.0000000000000018,882.0,12.0,1.379310344827589,2235.0,-5.0,-0.22321428571429047
48000,130,oo,50,spectral,0.0022551162787161037,-53.20125946138745,2.4713195439347246,2.4609215005884013,-0.5800220652004004,1.272131941019162,0.160003662109375,-8.554835700326495e-05,0.007503390312194824,306.0,6.0,2.0000000000000018,879.0,9.0,1.0344827586206806,2242.0,2.0,0.08928571428572507
48000,130,oo,-100,legacy,-18.934768136941486,-49.65896982208498,4.393368093385628,3.966164296291601,-0.9832615186314433,3.415081270247211,0.15998387336730957,-9.530221422513326e-05,0.0065915584564208984,287.0,-13.0,-4.333333333333334,833.0,-37.0,-4.252873563218396,2137.0,-103.0,-4.5982142857142865
48000,130,oo,-100,synchronous,0.0010612612577780179,-52.588925009424,1.7636627673540979,1.6887930260896256,-0.24318941438126246,1.421297921808031,0.1646808385848999,3.7927797271145714e-05,0.00720977783203125,290.0,-10.0,-3.3333333333333326,896.0,26.0,2.9885057471264354,2235.0,-5.0,-0.22321428571429047
48000,130,oo,-100,spectral,0.000981005525324217,-52.63237460896444,2.8424505357616217,2.5476506453165286,-0.7662665279892749,1.3813000064228946,0.160003662109375,7.876604795455932e-05,0.006988525390625,293.0,-7.0,-2.3333333333333317,852.0,-18.0,-2.0689655172413834,2161.0,-79.0,-3.5267857142857184
48000,130,oo,100,legacy,16.45631186124944,-49.113796588192955,3.192261135084104,1.715830285667328,-1.0839414810405017,3.290533991579867,0.1599130630493164,9.673860751920276e-05,0.007385611534118652,320.0,20.0,6.666666666666665,933.0,63.0,7.241379310344831,2373.0,133.0,5.937499999999996
48000,130,oo,100,synchronous,0.0015797826164668594,-52.743354544854796,2.064369009456756,1.9812533892635507,-0.04113756302819124,0.8979722189284413,0.15651249885559082,0.00016183200809690687,0.006912708282470703,310.0,10.0,3.3333333333333437,895.0,25.0,2.8735632183908066,2241.0,1.0,0.04464285714285143
48000,130,oo,100,spectral,0.0013310339407259632,-52.779552898524756,1.652384226187058,1.3481931103086262,-0.48971055058069984,0.8570260912719875,0.160003662109375,-9.604477634032567e-05,0.006988525390625,310.0,10.0,3.3333333333333437,892.0,22.0,2.5287356321838983,2285.0,45.0,2.008928571428581
48000,130,oo,-200,legacy,-33.07240416517045,-38.17875436874762,5.217826855881807,3.2239467949373717,-1.2780480385059676,3.735835902331205,0.15991532802581787,-0.0001037077233195305,0.006206035614013672,270.0,-30.0,-9.999999999999998,786.0,-84.0,-9.6551724137931,2002.0,-238.0,-10.624999999999996
48000,130,oo,-200,synchronous,0.003065283808295568,-52.88010030811727,2.2435556955932108,2.195419122844411,-0.509185553150222,1.5291963933890405,0.1695178747177124,2.7118391460842556e-05,0.007420539855957031,287.0,-13.0,-4.333333333333334,882.0,12.0,1.379310344827589,2231.0,-9.0,-0.4017857142857184
48000,130,oo,-200,spectral,0.003204571921994569,-52.13012215942901,3.817135879508875,3.307313712388841,-1.109479673019547,1.3862211769740576,0.16456639766693115,-3.680196073320177e-05,0.006988525390625,284.0,-16.0,-5.333333333333334,839.0,-31.0,-3.563218390804601,2121.0,-119.0,-5.312499999999998
48000,130,oo,200,legacy,28.90598005306137,-35.3442575280817,4.981823658965776,1.6479464801129688,-1.129421176702632,2.9553843831830786,0.15997982025146484,-5.6554062498940364e-05,0.007809996604919434,340.0,40.0,13.33333333333333,987.0,117.0,13.448275862068959,2513.0,273.0,12.187499999999996
48000,130,oo,200,synchronous,0.0012537084347825195,-52.69724504641503,2.133375451027062,2.0789807191905685,-0.3787837621715555,0.5647591510331007,0.1513500213623047,0.00010996890564759572,0.006879687309265137,323.0,23.0,7.666666666666666,849.0,-21.0,-2.4137931034482807,2241.0,1.0,0.04464285714285143
48000,130,oo,200,spectral,0.0009691007613808585,-51.70771049044112,2.6640335562469466,2.340589467094624,-0.3402168431444289,0.6171551409392333,0.160003662109375,8.399098697635862e-05,0.006988525390625,313.0,13.0,4.333333333333322,923.0,53.0,6.091954022988499,2294.0,54.0,2.4107142857142883
48000,130,oo,-300,legacy,-51.078081063257535,-28.133076664307058,6.853645431241121,4.041160028438123,-1.2326602672505085,3.725575483634274,0.1599363088607788,0.0001158124746547805,0.0058536529541015625,253.0,-47.0,-15.666666666666663,742.0,-128.0,-14.71264367816092,1898.0,-342.0,-15.267857142857144
48000,130,oo,-300,synchronous,-2.9029935514981663e-05,-52.62942861440295,1.6142934264930573,1.5650424008188715,-0.690883967578896,1.2128196130191182,0.1744670867919922,-5.4984415570894876e-05,0.007633090019226074,286.0,-14.0,-4.666666666666663,886.0,16.0,1.839080459770126,2237.0,-3.0,-0.1339285714285765
48000,130,oo,-300,spectral,-0.0002018647572765556,-50.71295496784486,4.795406738276468,4.186484979905466,-1.2702288808673254,1.1331915952773253,0.17241859436035156,-0.0002309781519903077,0.0071299076080322266,277.0,-23.0,-7.666666666666666,820.0,-50.0,-5.747126436781613,2083.0,-157.0,-7.008928571428575
48000,130,oo,300,legacy,41.857567496447395,-22.753835628203753,6.57781485233614,1.6993669325501357,-1.2074746467209394,2.940801888787117,0.15991425514221191,5.071269969145457e-05,0.008284687995910645,360.0,60.0,19.999999999999996,1045.0,175.0,20.114942528735625,2666.0,426.0,19.017857142857153
48000,130,oo,300,synchronous,0.002174377069841661,-52.705480371232724,2.149939866382679,2.1082248506582966,-0.9432901668847614,0.6839770975403225,0.14454686641693115,3.628751469982995e-05,0.006882309913635254,277.0,-23.0,-7.666666666666666,876.0,6.0,0.6896551724137945,2228.0,-12.0,-0.5357142857142838
48000,130,oo,300,spectral,0.0017482614728482875,-50.645069992123304,3.2516201875669073,3.1250640391462805,-0.05577523281073069,0.5419406576862044,0.160003662109375,1.4852521320184071e-05,0.007204294204711914,284.0,-16.0,-5.333333333333334,877.0,7.0,0.8045977011494232,2367.0,127.0,5.669642857142865
48000,130,oo,-500,legacy,-91.55257283737875,-15.39859745285515,9.930458422162898,6.448943323928198,-1.2247831077473395,3.4013382267980092,0.1599280834197998,-0.0002124775242474344,0.005236029624938965,226.0,-74.0,-24.66666666666667,662.0,-208.0,-23.908045977011493,1701.0,-539.0,-24.062499999999996
48000,130,oo,-500,synchronous,-0.0009377468532386461,-52.77619936898445,2.453751967611537,2.4360369860424034,-0.524467834164239,1.0524380547141012,0.1848587989807129,-0.00010539579308695263,0.008094549179077148,310.0,10.0,3.3333333333333437,886.0,16.0,1.839080459770126,2241.0,1.0,0.04464285714285143
48000,130,oo,-500,spectral,-0.0011480970070123313,-47.83435318991562,5.944787391417409,4.852843776256567,-1.5347979576224708,1.0211794267968812,0.18400537967681885,0.00021540342519680658,0.007534027099609375,317.0,17.0,5.666666666666664,829.0,-41.0,-4.712643678160921,1991.0,-249.0,-11.116071428571427
48000,130,oo,500,legacy,65.55415595178724,-11.64462971092545,9.800000316092062,1.5354242089486325,-1.1741584810113361,2.715969911981089,0.15992629528045654,8.52883689933353e-05,0.009306073188781738,407.0,107.0,35.66666666666667,1171.0,301.0,34.59770114942528,2999.0,759.0,33.88392857142857
48000,130,oo,500,synchronous,-0.0016499150888028805,-52.51401329105854,1.8773020361093915,1.7568144839696886,-1.8108082419799474,1.1189159442255983,0.12499082088470459,-3.1046283741792046e-05,0.0055474042892456055,276.0,-24.0,-7.9999999999999964,893.0,23.0,2.643678160919549,2243.0,3.0,0.1339285714285765
48000,130,oo,500,spectral,-0.0015482138217587417,-48.02847423832053,5.38195060447997,4.895328496942076,-0.2500170429435943,0.9752836593467846,0.160003662109375,9.891614317893983e-06,0.006988525390625,303.0,3.0,1.0000000000000009,940.0,70.0,8.045977011494255,2347.0,107.0,4.776785714285725
48000,130,oo,-700,legacy,-138.07949043228038,-11.637220805043341,12.391897013608032,8.853990487322552,-1.1629858768899832,3.2600675942926696,0.15995311737060547,0.000146566703915596,0.004663348197937012,200.0,-100.0,-33.333333333333336,592.0,-278.0,-31.95402298850575,1531.0,-709.0,-31.65178571428572
48000,130,oo,-700,synchronous,-0.0018467756467034206,-52.80419115431117,2.062890885346211,2.0331328446431822,-0.5196956527439909,2.5549930836392747,0.19584333896636963,-2.9854517843988206e-05,0.008572101593017578,297.0,-3.0,-1.0000000000000009,890.0,20.0,2.298850574712641,2240.0,0.0,0.0
48000,130,oo,-700,spectral,-0.0019287214798488438,-46.60449211207088,7.246151131809224,4.989324105810399,-1.6814154883487546,1.816446784310246,0.19490838050842285,2.311116291417016e-05,0.008344292640686035,297.0,-3.0,-1.0000000000000009,790.0,-80.0,-9.195402298850574,1787.0,-453.0,-20.223214285714285
48000,130,oo,700,legacy,86.38931475125446,-7.274746559381125,14.43835236011867,6.565757418596367,-1.1903259367713754,2.272647011809505,0.1599363088607788,-7.391643193033006e-05,0.010440230369567871,457.0,157.0,52.33333333333334,1358.0,488.0,56.0919540229885,3386.0,1146.0,51.16071428571429
48000,130,oo,700,synchronous,-0.0011069187707417455,-52.556107317990886,1.1985554829117837,1.1542206345730048,-0.9063540375872885,0.4540236543938176,0.12074995040893555,-8.0400084455808e-06,0.005154967308044434,290.0,-10.0,-3.3333333333333326,877.0,7.0,0.8045977011494232,2233.0,-7.0,-0.31250000000000444
48000,130,oo,700,spectral,-0.001154122401792132,-46.45966775637267,7.10210713971198,5.8121266231943745,0.025696122445316494,0.45020108343725046,0.160003662109375,9.805738098091549e-06,0.006988525390625,337.0,37.0,12.333333333333329,871.0,1.0,0.11494252873562871,3236.0,996.0,44.46428571428571
48000,130,oo,-1200,legacy,-289.1992124912607,-7.279512592194238,18.52651846703699,9.929309275324249,-1.1834166141665057,2.4092079059007534,0.1594400405883789,-7.504804266823663e-08,0.003488779067993164,157.0,-143.0,-47.66666666666667,480.0,-390.0,-44.827586206896555,3874.0,1634.0,72.94642857142857
48000,130,oo,-1200,synchronous,8.604813106466392e-05,-52.759456258568356,1.9323926115296965,1.8979097118250603,-0.5362295003426848,2.823958292562125,0.2261829376220703,-7.00727105140686e-08,0.009870052337646484,303.0,3.0,1.0000000000000009,889.0,19.0,2.183908045977012,2238.0,-2.0,-0.08928571428571397
48000,130,oo,-1200,spectral,0.0009148044930448429,-45.50802616355809,11.242181125482482,8.960890995693067,-1.685896921850243,2.322857911861008,0.2117396593093872,-5.011094941033257e-07,0.008175134658813477,350.0,50.0,16.666666666666675,666.0,-204.0,-23.448275862068968,1238.0,-1002.0,-44.732142857142854
48000,130,oo,1200,legacy,128.29748434349074,-0.10351067832649415,34.640849935177215,29.693159698220324,-1.1824734955762566,0.2627205508623478,0.15982234477996826,5.9045851230621337e-08,0.013904213905334473,540.0,240.0,80.0,1325.0,455.0,52.29885057471264,3356.0,1116.0,49.82142857142857
48000,130,oo,1200,synchronous,-0.00018895254418259627,-52.60060678005842,1.4181135176412507,1.4181135176412525,1.0834595705827632,0.2772422574234988,0.1209104061126709,-8.322298526763916e-08,0.005704045295715332,300.0,0.0,0.0,870.0,0.0,0.0,2240.0,0.0,0.0
48000,130,oo,1200,spectral,-0.0002590626700518351,-42.91916275781463,12.960521516040448,7.594744534677235,-0.1007591609034052,0.35872226141451935,0.160003662109375,-4.511740472581651e-09,0.006988525390625,367.0,67.0,22.33333333333334,885.0,15.0,1.724137931034475,3874.0,1634.0,72.94642857142857
48000,220,ah,0,legacy,-0.0016846079139186064,-53.280556513445624,0.48620263907423694,0.4810923208583153,0.0,0.5686792222200714,0.160003662109375,2.288818359375e-07,0.017913818359375,731.0,1.0,0.136986301369868,1090.0,0.0,0.0,2446.0,6.0,0.24590163934425924
48000,220,ah,0,synchronous,-0.0016846079139186064,-53.280556513445624,0.48620263907423694,0.4810923208583153,0.0,0.5686792222200714,0.160003662109375,2.288818359375e-07,0.017913818359375,731.0,1.0,0.136986301369868,1090.0,0.0,0.0,2446.0,6.0,0.24590163934425924
48000,220,ah,0,spectral,-0.0016846079139186064,-53.280556513445624,0.48620263907423694,0.4810923208583153,0.0,0.5686792222200714,0.160003662109375,2.288818359375e-07,0.017913818359375,731.0,1.0,0.136986301369868,1090.0,0.0,0.0,2446.0,6.0,0.24590163934425924
48000,220,ah,-0.1,legacy,-0.0017069112704470235,-53.187282154831415,0.44111630326030304,0.44111630326030293,-0.008552318847153684,0.5912575695392679,0.1599869728088379,-2.3803404635853237e-06,0.017911911010742188,730.0,0.0,0.0,1090.0,0.0,0.0,2440.0,0.0,0.0
48000,220,ah,-0.1,synchronous,-0.00173284329003142,-52.97858516661418,0.45480353981896043,0.4548035398189591,-0.010627682369469711,0.6569255744690681,0.15998625755310059,-7.445133394665188e-06,0.017911911010742188,730.0,0.0,0.0,1090.0,0.0,0.0,2440.0,0.0,0.0
48000,220,ah,-0.1,spectral,-0.0017224155024560862,-53.104261953343396,0.33522313012464106,0.3352231301246397,-0.01136350885157321,0.5797740645969264,0.16267728805541992,-2.5732980834113225e-06,0.018163442611694336,730.0,0.0,0.0,1090.0,0.0,0.0,2440.0,0.0,0.0
48000,220,ah,0.1,legacy,-0.0015959783256913982,-53.20255748193367,0.4304650497199022,0.4299053176256117,-0.008890109541170208,0.5798353498764706,0.15998578071594238,1.901479230986701e-06,0.01791393756866455,731.0,1.0,0.136986301369868,1089.0,-1.0,-0.09174311926605228,2443.0,3.0,0.12295081967212962
48000,220,ah,0.1,synchronous,-0.0015917605848243864,-52.945491443273774,0.42404273802861864,0.42317568703734565,-0.008417195847978093,0.6344210694677811,0.15999197959899902,7.986587782700856e-06,0.017913818359375,731.0,1.0,0.136986301369868,1089.0,-1.0,-0.09174311926605228,2443.0,3.0,0.12295081967212962
48000,220,ah,0.1,spectral,-0.0015813335853736563,-53.10186124740221,0.6523194784082067,0.644119589870816,-0.012711435746508746,0.5673680497151513,0.16113829612731934,1.7271356450186836e-06,0.018023014068603516,730.0,0.0,0.0,1090.0,0.0,0.0,2433.0,-7.0,-0.2868852459016358
48000,220,ah,-1,legacy,0.0029519534094534544,-52.96416636734537,0.43497305511987444,0.4349730551198744,-0.012667347960498314,0.6944131835551324,0.15991783142089844,-2.5628399517801074e-05,0.0178985595703125,730.0,0.0,0.0,1090.0,0.0,0.0,2440.0,0.0,0.0
48000,220,ah,-1,synchronous,0.0012927604553422266,-52.79970628374255,0.5532109556938076,0.5532109556938075,-0.01331610794097538,0.690201947733024,0.15998363494873047,2.790784670246972e-05,0.01791095733642578,730.0,0.0,0.0,1090.0,0.0,0.0,2440.0,0.0,0.0
48000,220,ah,-1,spectral,0.0012991471163439727,-53.2155260448183,0.3516231902453344,0.3414743356309266,-0.11217915945413387,0.6951608665681657,0.16293072700500488,-2.8018603722254435e-05,0.01827061176300049,728.0,-2.0,-0.2739726027397249,1089.0,-1.0,-0.09174311926605228,2434.0,-6.0,-0.24590163934425924
48000,220,ah,1,legacy,-0.0008730205038006269,-53.118581357073225,0.4438609922213455,0.44126633801391013,-0.014635969710751234,0.6950358500653824,0.15993905067443848,2.6418036884731716e-05,0.017917633056640625,731.0,1.0,0.136986301369868,1090.0,0.0,0.0,2443.0,3.0,0.12295081967212962
48000,220,ah,1,synchronous,0.0008077382120906934,-52.9564253262355,0.3831153046022477,0.3798914591838256,-0.008333130234646493,0.5926148716521848,0.15999996662139893,-6.2106301387151086e-06,0.017915010452270508,731.0,1.0,0.136986301369868,1090.0,0.0,0.0,2443.0,3.0,0.12295081967212962
48000,220,ah,1,spectral,0.0008166207013520756,-53.36020551924285,0.566125306941738,0.5527114648009948,-0.12434271227730402,0.6810554841139886,0.160003662109375,2.3030543492900002e-05,0.017913818359375,728.0,-2.0,-0.2739726027397249,1089.0,-1.0,-0.09174311926605228,2431.0,-9.0,-0.36885245901638886
48000,220,ah,-5,legacy,0.044014876137727414,-52.715441819957185,0.4488493570515656,0.4356595670523592,-0.10805851814985494,0.7809781082629366,0.15990042686462402,4.122948067055808e-05,0.01784348487854004,727.0,-3.0,-0.4109589041095929,1087.0,-3.0,-0.27522935779816793,2436.0,-4.0,-0.16393442622950616
48000,220,ah,-5,synchronous,0.0001281805544795742,-52.57529693772032,1.2421703586811341,1.2336557169234426,-0.014334902706507058,0.6823507456692252,0.15994024276733398,-5.8451034128665924e-05,0.017903923988342285,727.0,-3.0,-0.4109589041095929,1087.0,-3.0,-0.27522935779816793,2433.0,-7.0,-0.2868852459016358
48000,220,ah,-5,spectral,0.00012667690065823017,-52.94157220505264,0.47188596430123697,0.4451044342024973,-0.49002533128882364,0.6611634351417178,0.160003662109375,3.416642132732603e-05,0.017913818359375,727.0,-3.0,-0.4109589041095929,1083.0,-7.0,-0.6422018348623881,2437.0,-3.0,-0.12295081967212962
48000,220,ah,5,legacy,-0.043266637149927026,-53.0530215723372,0.46677917233494165,0.4375095089986215,-0.10444700017542789,0.7610112526751152,0.1599140167236328,-7.360777921146816e-05,0.01795828342437744,733.0,3.0,0.4109589041095818,1093.0,3.0,0.2752293577981568,2450.0,10.0,0.4098360655737654
48000,220,ah,5,synchronous,0.00026961892511091973,-52.90876746598336,0.6818656425080835,0.6665541879968583,-0.012229719975850609,0.68588593540709,0.1600116491317749,-2.8735788332091438e-05,0.017920613288879395,733.0,3.0,0.4109589041095818,1090.0,0.0,0.0,2447.0,7.0,0.2868852459016358
48000,220,ah,5,spectral,0.00027126902675935686,-53.28493063879388,0.6247613711413134,0.6014829121067765,-0.5361914113064128,0.6933665842634017,0.160003662109375,-5.7523871461550395e-05,0.017913818359375,730.0,0.0,0.0,1087.0,-3.0,-0.27522935779816793,2450.0,10.0,0.4098360655737654
48000,220,ah,-10,legacy,0.20539022326870546,-52.923291019920775,0.6124942523547573,0.5650234148506316,-0.41247281467792024,1.1534166466391913,0.1597970724105835,-2.2129747602674697e-05,0.017775416374206543,723.0,-7.0,-0.9589041095890427,1087.0,-3.0,-0.27522935779816793,2430.0,-10.0,-0.4098360655737654
48000,220,ah,-10,synchronous,0.0017224836218425067,-52.725516978642084,1.9823152351359399,1.9555312110083993,-0.02361139897507636,0.655517707318007,0.1598585844039917,-3.387378735674752e-05,0.017897725105285645,724.0,-6.0,-0.8219178082191747,1083.0,-7.0,-0.6422018348623881,2424.0,-16.0,-0.6557377049180357
48000,220,ah,-10,spectral,0.0017375333371933107,-53.12832631410063,0.49731433995617763,0.4173202753771613,-0.7371486039315335,0.6370643241563481,0.160003662109375,-8.499469194147321e-06,0.017913818359375,727.0,-3.0,-0.4109589041095929,1090.0,0.0,0.0,2423.0,-17.0,-0.6967213114754123
48000,220,ah,10,legacy,-0.20311918245393373,-52.92040790036208,0.6458813057722298,0.5623378378674012,-0.42002259130047936,1.1848843396470774,0.15986967086791992,3.778969662057029e-05,0.017995595932006836,733.0,3.0,0.4109589041095818,1100.0,10.0,0.917431192660545,2460.0,20.0,0.8196721311475308
48000,220,ah,10,synchronous,0.0016039809854891892,-52.742336092842706,1.2782853905510383,1.2605585530200398,0.004742477915152585,0.7053531719542498,0.1599888801574707,5.021762516763475e-05,0.017930150032043457,734.0,4.0,0.5479452054794498,1093.0,3.0,0.2752293577981568,2453.0,13.0,0.532786885245895
48000,220,ah,10,spectral,0.001607994633124281,-53.13119088089426,0.5829380398629761,0.5780673832599315,-0.8391928601500814,0.7005077493078282,0.160003662109375,2.6545690165625677e-05,0.017913818359375,733.0,3.0,0.4109589041095818,1090.0,0.0,0.0,2440.0,0.0,0.0
48000,220,ah,-25,legacy,4.205329224748947,-52.2720261293766,2.8052904936628495,2.687598133699928,-1.4649946854564306,1.851028030578456,0.15968096256256104,-3.926410443252987e-05,0.01760697364807129,698.0,-32.0,-4.383561643835621,1086.0,-4.0,-0.3669724770642202,2437.0,-3.0,-0.12295081967212962
48000,220,ah,-25,synchronous,0.0011314071916812436,-52.96934701531896,2.2802596816793295,2.1472899890246095,-0.08378611074871448,0.48936723267560706,0.15957415103912354,7.045587731732262e-06,0.017891287803649902,717.0,-13.0,-1.7808219178082174,1073.0,-17.0,-1.559633027522933,2400.0,-40.0,-1.6393442622950838
48000,220,ah,-25,spectral,0.0011259563138900773,-53.41408227094291,0.697735827804469,0.5149597265435747,-0.4199086787771954,0.5859134427371656,0.160003662109375,2.452157437801361e-05,0.017913818359375,726.0,-4.0,-0.5479452054794498,1084.0,-6.0,-0.5504587155963248,2413.0,-27.0,-1.1065573770491777
48000,220,ah,25,legacy,-4.33148469854747,-52.10600197649952,2.9892000649131694,2.7977876466999017,-1.4788458716556152,1.6659207297752476,0.15959739685058594,-1.7155222594738006e-05,0.01814281940460205,720.0,-10.0,-1.3698630136986356,1117.0,27.0,2.477064220183478,2513.0,73.0,2.991803278688532
48000,220,ah,25,synchronous,0.00028885957189632596,-52.877720756816935,2.069023565226383,2.05066035505901,-0.003615937093472944,0.6862418137345483,0.1597297191619873,-4.4473372399806975e-05,0.01795506477355957,738.0,8.0,1.0958904109588996,1099.0,9.0,0.8256880733944927,2443.0,3.0,0.12295081967212962
48000,220,ah,25,spectral,0.0002551331684813321,-53.266007121626046,0.6204633602325067,0.5029937556387535,-0.667456359574659,0.7011251907256042,0.160003662109375,-6.165645188755459e-06,0.017913818359375,740.0,10.0,1.3698630136986356,1090.0,0.0,0.0,2460.0,20.0,0.8196721311475308
48000,220,ah,-50,legacy,2.3794434751242273,-52.672103107713866,1.7503173525961842,1.0896112346744078,-0.8579756301484481,2.4195956833604777,0.15980267524719238,-8.19580422507392e-06,0.017368197441101074,701.0,-29.0,-3.9726027397260277,1066.0,-24.0,-2.2018348623853212,2378.0,-62.0,-2.5409836065573788
48000,220,ah,-50,synchronous,-0.00159882447217857,-52.804062249609906,3.140035582981789,2.905481756949866,-0.20497874656287196,0.6567001174449674,0.1590031385421753,3.2526668575074936e-06,0.01793360710144043,703.0,-27.0,-3.698630136986303,1060.0,-30.0,-2.752293577981646,2400.0,-40.0,-1.6393442622950838
48000,220,ah,-50,spectral,-0.0016235750883416011,-53.25785717169871,1.0915220323086294,0.5784746863925376,-0.4279170593776302,0.6457644633065935,0.160003662109375,-1.615607076221042e-05,0.017913818359375,720.0,-10.0,-1.3698630136986356,1083.0,-7.0,-0.6422018348623881,2393.0,-47.0,-1.9262295081967196
48000,220,ah,50,legacy,-1.9710297478530159,-52.7708857668138,1.6639516378010644,0.9759319809455927,-0.8462016118962257,2.2665745800239177,0.15982139110565186,1.135559959544076e-05,0.01840376853942871,743.0,13.0,1.7808219178082174,1130.0,40.0,3.669724770642202,2523.0,83.0,3.401639344262297
48000,220,ah,50,synchronous,0.0015541575781762504,-52.785447799282764,3.115211041857273,3.062031272072839,-0.06394273794487691,0.6941497802852439,0.1584557294845581,1.378171145915985e-06,0.0179518461227417,733.0,3.0,0.4109589041095818,1110.0,20.0,1.83486238532109,2423.0,-17.0,-0.6967213114754123
48000,220,ah,50,spectral,0.0015559914396650254,-53.16199008199472,1.0883367369702985,0.7529570021915215,-0.9142509984426078,0.6767496852498223,0.160003662109375,4.458761463562648e-05,0.017913818359375,744.0,14.0,1.9178082191780854,1103.0,13.0,1.192660550458724,2477.0,37.0,1.5163934426229542
48000,220,ah,-100,legacy,11.100517792575292,-50.71117192664935,5.052084030994612,4.480952515267279,-0.7390562149726174,2.300031309489513,0.15981817245483398,6.666382153828939e-06,0.01686704158782959,684.0,-46.0,-6.301369863013695,1043.0,-47.0,-4.31192660550459,2355.0,-85.0,-3.4836065573770503
48000,220,ah,-100,synchronous,0.0002936211509136972,-52.45915882766213,2.702772701536123,2.421316399190249,-0.5008473084604307,0.442403307142221,0.15906989574432373,-7.914801438649495e-06,0.018208980560302734,703.0,-27.0,-3.698630136986303,1077.0,-13.0,-1.1926605504587129,2507.0,67.0,2.7459016393442726
48000,220,ah,-100,spectral,0.0002775677217358046,-52.959383881125426,2.648570906431721,1.7262093753731442,-0.0677899295702944,0.4789197371552353,0.1654607057571411,-2.7565467688772412e-05,0.017913818359375,703.0,-27.0,-3.698630136986303,1060.0,-30.0,-2.752293577981646,2343.0,-97.0,-3.9754098360655687
48000,220,ah,100,legacy,-9.80810680819625,-50.32286658339625,3.2804073685598842,1.5901181953725088,-0.810305154862438,2.248927700038898,0.15986227989196777,4.057064652442932e-06,0.01893901824951172,760.0,30.0,4.109589041095885,1167.0,77.0,7.064220183486247,2607.0,167.0,6.844262295081971
48000,220,ah,100,synchronous,0.0005172628640825733,-52.859362286013095,2.98554958964532,2.85765713225424,-0.3777960552538352,0.665839972660758,0.1527496576309204,3.2841509415043724e-05,0.01759505271911621,753.0,23.0,3.150684931506853,1113.0,23.0,2.110091743119269,2447.0,7.0,0.2868852459016358
48000,220,ah,100,spectral,0.0004759890238152804,-53.183591347942816,2.0450574539795814,1.0646427230213964,-1.2872306379047442,0.5419050326303577,0.160003662109375,-1.3726142545541128e-05,0.017913818359375,757.0,27.0,3.698630136986303,1123.0,33.0,3.027522935779814,2510.0,70.0,2.868852459016402
48000,220,ah,-200,legacy,19.253935445005514,-40.26995489491603,5.757164779565265,2.2384217350025515,-0.9551081088819707,2.05472284444922,0.1597297191619873,-2.883004645506541e-05,0.015949130058288574,638.0,-92.0,-12.602739726027401,979.0,-111.0,-10.183486238532113,2171.0,-269.0,-11.024590163934423
48000,220,ah,-200,synchronous,0.0017165595158447216,-52.779785279403384,3.1045656702859734,2.9624069248220097,-0.7512331186644625,0.38426090643955924,0.16372668743133545,-2.567598389254676e-05,0.018759489059448242,704.0,-26.0,-3.561643835616435,1123.0,33.0,3.027522935779814,2428.0,-12.0,-0.4918032786885296
48000,220,ah,-200,spectral,0.0017155172905218292,-53.209716615116335,4.13267451318391,2.6994632378908014,0.3968759579735722,0.36283860785142846,0.17136108875274658,-1.914058294561174e-05,0.017913818359375,684.0,-46.0,-6.301369863013695,1023.0,-67.0,-6.146788990825691,2241.0,-199.0,-8.155737704918032
48000,220,ah,200,legacy,-17.31223836236138,-37.6208623915971,5.899060367091674,1.5794675408314298,-0.8378534949390893,2.011963649254716,0.15978538990020752,-1.2772741417090098e-05,0.020069003105163574,804.9999999999999,74.99999999999989,10.2739726027397,1236.0,146.0,13.394495412844032,2766.0,326.0,13.360655737704906
48000,220,ah,200,synchronous,0.0015369754189844761,-52.67986332148883,2.978772955439161,2.7776289842574484,-1.1499668969129058,0.19760025198019057,0.13564729690551758,-4.253904024759928e-05,0.015802502632141113,793.0,63.0,8.630136986301373,1097.0,7.0,0.6422018348623881,2430.0,-10.0,-0.4098360655737654
48000,220,ah,200,spectral,0.0015147189434597638,-52.926539478522656,3.6330219360951954,1.6601717432863743,-1.4829317374333728,0.19790899451019472,0.160003662109375,2.021868195798662e-05,0.017913818359375,783.0,53.0,7.260273972602738,1163.0,73.0,6.697247706422016,2610.0,170.0,6.9672131147541005
48000,220,ah,-300,legacy,29.485676294450307,-31.583377620728605,7.720153167392337,2.402031256189312,-0.9111046191850007,2.170491177447855,0.15991270542144775,-2.8729024860594007e-06,0.015059113502502441,601.0,-129.0,-17.671232876712327,923.0,-167.0,-15.321100917431195,2045.0,-395.0,-16.188524590163933
48000,220,ah,-300,synchronous,0.001578319335116074,-52.741877807443736,2.948028250627141,2.8407897382352703,-0.6360752796268252,0.958586634631602,0.16850948333740234,9.729630417293973e-08,0.019307851791381836,691.0,-39.0,-5.342465753424652,1086.0,-4.0,-0.3669724770642202,2440.0,0.0,0.0
48000,220,ah,-300,spectral,0.0015695387190176391,-53.4090104341244,6.40046566033102,4.763653095519865,1.0567843898964777,0.6904694606876833,0.1832139492034912,-5.626885427369012e-07,0.017913818359375,663.0,-67.0,-9.178082191780824,990.0,-100.0,-9.174311926605505,2123.0,-317.0,-12.99180327868853
48000,220,ah,300,legacy,-25.217784230696232,-25.80800003094742,7.874353142043766,1.500138392741886,-0.9041392768683929,2.313857826300021,0.15989792346954346,4.593662917613983e-05,0.021264195442199707,851.9999999999999,121.99999999999989,16.712328767123275,1309.0,219.0,20.09174311926605,2933.0,493.0,20.20491803278688
48000,220,ah,300,synchronous,0.0011098669061851037,-52.872968103185904,3.492112249692332,3.4717693315949414,-1.0317651204888731,0.4935358542339823,0.13426315784454346,2.887778811984592e-06,0.015082716941833496,714.0,-16.0,-2.1917808219178103,1086.0,-4.0,-0.3669724770642202,2440.0,0.0,0.0
48000,220,ah,300,spectral,0.0009959778551999416,-52.938762449527246,4.478722790934103,2.5240279614235543,-2.1523665610362137,0.39747469070612396,0.160003662109375,-2.3655386434661016e-06,0.017913818359375,724.9999999999999,-5.000000000000114,-0.6849315068493289,1212.0,122.0,11.192660550458712,2746.0,306.0,12.540983606557376
48000,220,ah,-500,legacy,51.90787060447819,-17.452828131760413,10.36022354144324,3.2685177408880177,-0.917059202758156,2.5121011026336735,0.15991151332855225,-4.8585761752393514e-05,0.013416409492492676,538.0,-192.0,-26.3013698630137,823.0,-267.0,-24.4954128440367,1825.0,-615.0,-25.204918032786882
48000,220,ah,-500,synchronous,0.0005671616454187239,-53.096380969235426,2.7234231849179387,2.7045897834297956,-0.5770410556899482,1.0083355889771908,0.17854094505310059,3.105765001641379e-05,0.020456433296203613,733.0,3.0,0.4109589041095818,1103.0,13.0,1.192660550458724,2443.0,3.0,0.12295081967212962
48000,220,ah,-500,spectral,0.0006069734660529455,-53.171582715162415,8.101748590949649,6.3294636150742445,0.8194136089757196,0.8314605994647467,0.1733391284942627,4.1149635281827715e-05,0.017913818359375,734.0,4.0,0.5479452054794498,920.0,-170.0,-15.596330275229352,1901.0,-539.0,-22.090163934426233
48000,220,ah,500,legacy,-39.93657951129657,-12.51249999905282,10.934275213944913,1.4851534789730902,-0.8834602122501336,1.5955531171279635,0.15982592105865479,4.790044493145413e-06,0.023860931396484375,954.9999999999999,224.9999999999999,30.82191780821917,1470.0,380.0,34.86238532110091,3299.0,859.0,35.20491803278689
48000,220,ah,500,synchronous,-0.0006337720674340683,-52.84944413975598,2.855285416825244,2.770998104726213,-0.9320820822693654,0.23899910668977026,0.13027620315551758,3.138343493143717e-05,0.015689492225646973,717.0,-13.0,-1.7808219178082174,1123.0,33.0,3.027522935779814,2443.0,3.0,0.12295081967212962
48000,220,ah,500,spectral,-0.0006441826691101026,-52.65138729625883,5.723333871462809,4.349655494947003,-2.8689714309505083,0.20237155007738222,0.160003662109375,2.12144727508227e-05,0.017913818359375,788.9999999999999,58.999999999999886,8.082191780821901,1276.0,186.0,17.064220183486235,3089.0,649.0,26.598360655737707
48000,220,ah,-700,legacy,76.69795947791397,-12.777684506123936,12.51772101011022,4.684331417955891,-0.8756394217407295,1.661262933594795,0.159820556640625,0.00010493812047772937,0.011955857276916504,483.99999999999994,-246.00000000000006,-33.69863013698631,730.0,-360.0,-33.02752293577982,1635.0,-805.0,-32.99180327868852
48000,220,ah,-700,synchronous,-0.0006725882691526186,-52.85792053964714,3.1306205640849045,3.0827110244665854,-0.624658988733864,0.5596289615838379,0.18917453289031982,3.76064164770974e-05,0.021672844886779785,701.0,-29.0,-3.9726027397260277,1109.0,19.0,1.7431192660550376,2440.0,0.0,0.0
48000,220,ah,-700,spectral,-0.0006197741624613209,-53.13987039798519,9.69019739702268,6.077394788233345,0.8816304190117323,0.38870219572292225,0.1679450273513794,-1.6357377171516417e-05,0.017913818359375,664.0,-66.0,-9.041095890410954,1086.0,-4.0,-0.3669724770642202,1675.0,-765.0,-31.352459016393443
48000,220,ah,700,legacy,-53.15103086171872,-7.722331450762672,15.450385881592524,6.017099221433032,-0.881491611540502,1.5365511596105885,0.159881591796875,3.69054161840015e-06,0.026755094528198242,1025.0,295.0,40.41095890410959,1656.0,566.0,51.926605504587165,3816.0,1376.0,56.39344262295083
48000,220,ah,700,synchronous,0.0004904166029785645,-52.83176400329893,2.7068184398419652,2.6705284529575124,-0.18322181773369015,0.3782322614059995,0.12477743625640869,2.8894862367047202e-05,0.014251470565795898,734.0,4.0,0.5479452054794498,1070.0,-20.0,-1.834862385321101,2431.0,-9.0,-0.36885245901638886
48000,220,ah,700,spectral,0.0005851477891898841,-52.227903067068425,8.140027022296909,4.540595158765882,-3.8142461660929285,0.39291336089696544,0.160003662109375,7.549313207467397e-06,0.017913818359375,818.9999999999999,88.99999999999989,12.191780821917785,1166.0,76.0,6.972477064220173,3509.0,1069.0,43.81147540983608
48000,220,ah,-1200,legacy,150.63390620091292,-7.711315779713245,18.57168607169804,12.262026770024303,-0.8801283084326733,2.480484536056058,0.15992677211761475,1.7383032374911837e-07,0.008947968482971191,345.5,-384.5,-52.671232876712324,553.0,-537.0,-49.26605504587156,1295.0,-1145.0,-46.92622950819673
48000,220,ah,-1200,synchronous,0.002825212087653621,-53.0668336773268,3.2227204307452633,3.2013590165293966,-0.6087583518179276,1.4776202766899493,0.21822333335876465,1.0515252749125163e-07,0.024987459182739258,723.0,-7.0,-0.9589041095890427,1107.0,17.0,1.559633027522933,2437.0,-3.0,-0.12295081967212962
48000,220,ah,-1200,spectral,0.0029613595078943882,-52.48674666828553,12.128505448001373,5.362383991720517,-0.8121464254053565,0.7162495515346115,0.160003662109375,1.134599248568217e-07,0.017913818359375,531.0,-199.0,-27.260273972602743,933.0,-157.0,-14.40366972477064,1298.0,-1142.0,-46.803278688524586
48000,220,ah,1200,legacy,-80.53767212700286,-2.404591480350186,34.53566221290087,29.411532593451433,-0.8726938408233011,0.13819284455444658,0.15994048118591309,2.109756072362264e-08,0.0356595516204834,1282.0,552.0,75.61643835616438,1469.0,379.0,34.77064220183485,3473.0,1033.0,42.3360655737705
48000,220,ah,1200,synchronous,5.880155016968695e-05,-52.7446199533481,0.259714460709718,0.2597144607097201,-2.9551561504964226,0.15915091768230727,0.09475302696228027,2.688169479370117e-07,0.009273767471313477,730.0,0.0,0.0,1090.0,0.0,0.0,2440.0,0.0,0.0
48000,220,ah,1200,spectral,6.557869751068012e-05,-50.19847746546836,12.052063744484334,8.13711440367723,-6.226513866586089,0.2237667156300417,0.160003662109375,-9.49121183819241e-09,0.017913818359375,671.9999999999999,-58.000000000000114,-7.945205479452067,1539.0,449.0,41.19266055045871,3789.0,1349.0,55.286885245901644
48000,220,ee,0,legacy,-0.0016905435764151728,-53.38359356233912,0.08527785694322874,0.08527785694322947,0.0,0.2920956693830927,0.160003662109375,-7.62939453125e-08,0.00732421875,270.0,0.0,0.0,2290.0,0.0,0.0,3010.0,0.0,0.0
48000,220,ee,0,synchronous,-0.0016905435764151728,-53.38359356233912,0.08527785694322874,0.08527785694322947,0.0,0.2920956693830927,0.160003662109375,-7.62939453125e-08,0.00732421875,270.0,0.0,0.0,2290.0,0.0,0.0,3010.0,0.0,0.0
48000,220,ee,0,spectral,-0.0016905435764151728,-53.38359356233912,0.08527785694322874,0.08527785694322947,0.0,0.2920956693830927,0.160003662109375,-7.62939453125e-08,0.00732421875,270.0,0.0,0.0,2290.0,0.0,0.0,3010.0,0.0,0.0
48000,220,ee,-0.1,legacy,-0.0017130484467497904,-53.40392072401292,0.16454487487932645,0.15776646914105394,-0.0009394709551194956,0.2851950824861287,0.159981369972229,-3.5811836520830792e-06,0.007315158843994141,270.0,0.0,0.0,2287.0,-3.0,-0.13100436681222627,3007.0,-3.0,-0.09966777408637606
48000,220,ee,-0.1,synchronous,-0.0017298956450242607,-53.34106021571863,0.1604450335718353,0.1547101504770662,-0.0016835952374342023,0.21084803842964736,0.1600024700164795,-9.114816784858703e-06,0.007322430610656738,270.0,0.0,0.0,2287.0,-3.0,-0.13100436681222627,3007.0,-3.0,-0.09966777408637606
48000,220,ee,-0.1,spectral,-0.0017279918465595591,-53.39044043884125,0.24415570457325372,0.24361508876910434,-0.003296690843029864,0.2858843188244822,0.16366219520568848,-3.5396342476209003e-06,0.007409811019897461,270.0,0.0,0.0,2290.0,0.0,0.0,3007.0,-3.0,-0.09966777408637606
48000,220,ee,0.1,legacy,-0.0016027279725848876,-53.37989690567941,0.16297565996853902,0.1586834708474343,-0.0011958845940433006,0.3061876211568635,0.1599818468093872,3.825496468279097e-06,0.007315993309020996,270.0,0.0,0.0,2287.0,-3.0,-0.13100436681222627,3007.0,-3.0,-0.09966777408637606
48000,220,ee,0.1,synchronous,-0.0015866130772112044,-53.32489271774537,0.16552135638602455,0.16058195697114042,-0.000270380657587183,0.22633930508855682,0.1599665880203247,9.025774068302578e-06,0.007322549819946289,270.0,0.0,0.0,2287.0,-3.0,-0.13100436681222627,3007.0,-3.0,-0.09966777408637606
48000,220,ee,0.1,spectral,-0.001587443361722626,-53.361195810110395,0.1598043695857648,0.15743133700720724,-0.0035785271978175494,0.30555172527301533,0.16220808029174805,3.867526021268632e-06,0.007374167442321777,270.0,0.0,0.0,2290.0,0.0,0.0,3007.0,-3.0,-0.09966777408637606
48000,220,ee,-1,legacy,0.0029608548772088873,-53.35224691714028,0.1797644149530698,0.14887211401001668,-0.00957760591539189,0.2972984881455356,0.15994560718536377,-2.505177425013648e-05,0.0073163509368896484,270.0,0.0,0.0,2287.0,-3.0,-0.13100436681222627,3007.0,-3.0,-0.09966777408637606
48000,220,ee,-1,synchronous,0.001293901447610405,-53.30239177473403,0.15632425985437615,0.1309413530785362,-0.00587291325210062,0.34197931866714243,0.1600346565246582,-7.567486415306727e-05,0.007310152053833008,270.0,0.0,0.0,2287.0,-3.0,-0.13100436681222627,3007.0,-3.0,-0.09966777408637606
48000,220,ee,-1,spectral,0.001294736878194023,-53.41972045758857,0.2987090895373806,0.26893991329008365,-0.03226901773815045,0.28396517666332893,0.16250598430633545,-2.617999083466e-05,0.007351040840148926,270.0,0.0,0.0,2287.0,-3.0,-0.13100436681222627,3006.0,-4.0,-0.1328903654485014
48000,220,ee,1,legacy,-0.0008630877848209527,-52.897182599465026,0.1410898946550511,0.1410898946550503,-0.009179301568478817,0.3291933564784961,0.15992069244384766,7.312155018250148e-05,0.007324099540710449,270.0,0.0,0.0,2290.0,0.0,0.0,3010.0,0.0,0.0
48000,220,ee,1,synchronous,0.000811108086931954,-52.85330711899587,0.17437646811441848,0.17414221104500602,0.0020458085282675444,0.3272062291808783,0.15994703769683838,6.185001797146267e-05,0.00732731819152832,270.0,0.0,0.0,2290.0,0.0,0.0,3007.0,-3.0,-0.09966777408637606
48000,220,ee,1,spectral,0.0008109130894546696,-52.95395882948503,0.25264838072453877,0.24153605577986512,-0.03220113137085992,0.33940484497897616,0.16118812561035156,7.155758639176687e-05,0.00732421875,267.0,-3.0,-1.1111111111111072,2287.0,-3.0,-0.13100436681222627,3007.0,-3.0,-0.09966777408637606
48000,220,ee,-5,legacy,0.044016576826037296,-52.94128445606576,0.35020616142969435,0.17563469295617662,-0.2630400488024104,0.76847233416777,0.1599031686782837,0.00024125819404919942,0.007270693778991699,270.0,0.0,0.0,2280.0,-10.0,-0.4366812227074246,2997.0,-13.0,-0.4318936877076407
48000,220,ee,-5,synchronous,0.00012572078978019094,-52.858165908482476,0.29426775368059377,0.21555579664603625,-0.005308241704945449,0.3569508013176536,0.16022777557373047,6.358627643850114e-05,0.007273316383361816,270.0,0.0,0.0,2283.0,-7.0,-0.30567685589519833,3003.0,-7.0,-0.23255813953488857
48000,220,ee,-5,spectral,0.00012732870782358684,-52.9512184866898,0.3025165309567224,0.2754912017092326,-0.16340610272535144,0.35474624942749333,0.160003662109375,0.0002210395038127899,0.00732421875,267.0,-3.0,-1.1111111111111072,2287.0,-3.0,-0.13100436681222627,3007.0,-3.0,-0.09966777408637606
48000,220,ee,5,legacy,-0.043267933233262716,-53.39779229474728,0.22338780443495365,0.16784439673663212,-0.26271032456426113,0.7022112104369063,0.15992581844329834,-1.674020042022069e-05,0.007322788238525391,273.0,3.0,1.1111111111111072,2293.0,3.0,0.13100436681223737,3017.0,7.0,0.23255813953488857
48000,220,ee,5,synchronous,0.00026748519544515553,-53.30751863722527,0.35453233171652626,0.34135083390184817,0.01212717341067213,0.3227182162078401,0.15975236892700195,-0.00025820787168211407,0.007341861724853516,270.0,0.0,0.0,2293.0,3.0,0.13100436681223737,3013.0,3.0,0.09966777408638716
48000,220,ee,5,spectral,0.0002695080263467371,-53.41092730124811,0.31606389695560405,0.1955669218716579,-0.16348145044527246,0.32015894494336344,0.160003662109375,3.938359104924732e-05,0.00732421875,267.0,-3.0,-1.1111111111111072,2297.0,7.0,0.30567685589519833,3020.0,10.0,0.33222591362125353
48000,220,ee,-10,legacy,0.20539086484519287,-53.47404512843072,0.7149814502547063,0.38588127079445816,-1.0410607722031673,2.0434835084269425,0.15985620021820068,6.908335619502597e-06,0.007245898246765137,273.0,3.0,1.1111111111111072,2270.0,-20.0,-0.8733624454148492,2987.0,-23.0,-0.7641196013289053
48000,220,ee,-10,synchronous,0.001717226458971118,-53.28837961850623,0.5410450620170673,0.4241688905425004,-0.02756234660538441,0.333390152009512,0.16046321392059326,0.00010274063381883834,0.007260560989379883,270.0,0.0,0.0,2280.0,-10.0,-0.4366812227074246,2997.0,-13.0,-0.4318936877076407
48000,220,ee,-10,spectral,0.0017367891344243762,-53.39503070096322,0.4807571415139828,0.25972774157939016,-0.3156816627057873,0.3137713967378187,0.160003662109375,1.6860225134425694e-05,0.00732421875,267.0,-3.0,-1.1111111111111072,2277.0,-13.0,-0.5676855895196509,2997.0,-13.0,-0.4318936877076407
48000,220,ee,10,legacy,-0.203115452512696,-53.40327652594379,0.5004856349614424,0.390659534639059,-1.0510386180898224,2.0820418284946616,0.15991008281707764,-0.00019360581619871987,0.007329463958740234,274.0,4.0,1.4814814814814836,2297.0,7.0,0.30567685589519833,3023.0,13.0,0.4318936877076407
48000,220,ee,10,synchronous,0.0016056954519985678,-53.266565788868725,0.5986072053896704,0.5507026622352985,0.023831759848307432,0.28953013629388946,0.15953612327575684,1.7285098632176717e-05,0.007354140281677246,270.0,0.0,0.0,2297.0,7.0,0.30567685589519833,3017.0,7.0,0.23255813953488857
48000,220,ee,10,spectral,0.0016072881748296069,-53.36655173135492,0.37573009838676247,0.29530664399571094,-0.31880088782889787,0.303121343754053,0.160003662109375,-0.00021233750300274956,0.00732421875,267.0,-3.0,-1.1111111111111072,2293.0,3.0,0.13100436681223737,3020.0,10.0,0.33222591362125353
48000,220,ee,-25,legacy,4.205328321117041,-48.53445029071893,3.232376949486614,2.5749942528281213,-5.083300290387427,8.003835611502486,0.15951716899871826,-0.00011706692890988455,0.007171273231506348,300.0,30.0,11.111111111111116,2230.0,-60.0,-2.6200873362445365,2940.0,-70.0,-2.3255813953488413
48000,220,ee,-25,synchronous,0.0011337688421348112,-52.85028308791114,1.136518690235783,0.9085564058490955,-0.06193353985375918,0.3841866245538136,0.1611320972442627,-6.03170030646854e-05,0.00731503963470459,267.0,-3.0,-1.1111111111111072,2263.0,-27.0,-1.1790393013100475,2987.0,-23.0,-0.7641196013289053
48000,220,ee,-25,spectral,0.0011326853976148037,-52.96044985098674,0.7199782522144745,0.36562280782391937,-0.6580809879299756,0.3889121531606612,0.160003662109375,-4.428191317452325e-05,0.00732421875,267.0,-3.0,-1.1111111111111072,2270.0,-20.0,-0.8733624454148492,2983.0,-27.0,-0.8970099667774067
48000,220,ee,25,legacy,-4.331484448263327,-49.00084413334391,2.8327558866688873,2.6552026839925014,-5.145121585043317,7.793602933528487,0.15968167781829834,0.00018775611288017696,0.007387399673461914,310.0,40.0,14.814814814814813,2294.0,4.0,0.17467248908296096,3023.0,13.0,0.4318936877076407
48000,220,ee,25,synchronous,0.00024904945995795263,-53.30140523377622,1.1386221872896243,0.9318647581340118,0.050761094502909915,0.3017924546967522,0.15897130966186523,-2.2651441395282745e-05,0.007309436798095703,270.0,0.0,0.0,2313.0,23.0,1.0043668122270644,3033.0,23.0,0.7641196013288942
48000,220,ee,25,spectral,0.0002574820534524473,-53.394003613719995,0.9789342848311317,0.47355164260709326,-0.6686031173506102,0.3026499244714584,0.160003662109375,6.453334043423335e-05,0.00732421875,273.0,3.0,1.1111111111111072,2313.0,23.0,1.0043668122270644,3043.0,33.0,1.09634551495017
48000,220,ee,-50,legacy,2.379435750998811,-52.71689193117119,2.4330871962031195,0.9787053504512537,-2.4039637299782943,9.147638777385232,0.1598660945892334,-7.62730629907714e-05,0.007077574729919434,273.0,3.0,1.1111111111111072,2213.0,-77.0,-3.3624454148471594,2913.0,-97.0,-3.222591362126248
48000,220,ee,-50,synchronous,-0.0016580623767236899,-53.29780633314083,1.6948289469678177,1.2156581414741827,-0.1302210202924829,0.4429489762046707,0.1623157262802124,-0.00013272226684623296,0.007398843765258789,266.0,-4.0,-1.4814814814814836,2247.0,-43.0,-1.8777292576419247,3057.0,47.0,1.561461794019925
48000,220,ee,-50,spectral,-0.001624935483113276,-53.4415977433244,1.4015499407074106,0.7609737379706679,-0.830071445327052,0.4408094472936014,0.160003662109375,-1.0886345472600724e-05,0.00732421875,270.0,0.0,0.0,2247.0,-43.0,-1.8777292576419247,2950.0,-60.0,-1.9933554817275767
48000,220,ee,50,legacy,-1.9710352709752386,-53.35092139616569,2.1698046330158527,0.8707503953072309,-2.365870514866959,9.20418219182168,0.1598888635635376,-4.5315921306610106e-05,0.0074852705001831055,290.0,20.0,7.407407407407418,2347.0,57.0,2.48908296943231,3087.0,77.0,2.55813953488373
48000,220,ee,50,synchronous,0.0015973788864088194,-53.303075229774805,1.6911818235877145,1.1892377382264607,0.0890558748385538,0.2801631721485692,0.158172607421875,7.902146213584476e-05,0.0071218013763427734,273.0,3.0,1.1111111111111072,2333.0,43.0,1.8777292576419136,3050.0,40.0,1.3289036544850585
48000,220,ee,50,spectral,0.0015577175903892454,-53.37025594905825,1.7402142906622087,0.7845305486334083,-0.833634243814326,0.29576344799864535,0.160003662109375,-5.8437399566173554e-05,0.00732421875,277.0,7.0,2.592592592592591,2337.0,47.0,2.0524017467248967,3070.0,60.0,1.9933554817275656
48000,220,ee,-100,legacy,11.100519729371744,-49.24279424291072,4.691506992484279,3.2180572971731443,-2.0278502081194474,9.175605819908416,0.15982294082641602,-3.039744993050893e-05,0.0068590641021728516,273.0,3.0,1.1111111111111072,2153.0,-137.0,-5.982532751091707,2837.0,-173.0,-5.747508305647841
48000,220,ee,-100,synchronous,0.00021940242516460616,-52.86525117968546,1.7172262971549668,1.3025941847116562,-0.26605608813480336,0.3742123392184737,0.1646592617034912,-1.855004992749956e-05,0.007508039474487305,260.0,-10.0,-3.703703703703709,2347.0,57.0,2.48908296943231,3030.0,20.0,0.6644518272425293
48000,220,ee,-100,spectral,0.00027853934890037475,-52.97642030983759,2.466504544794678,1.3885637125018255,-0.16054887960423692,0.34705655403629,0.16478955745697021,-0.0002100466067592303,0.00732421875,257.0,-13.0,-4.814814814814817,2200.0,-90.0,-3.9301310043668103,2934.0,-76.0,-2.5249169435215935
48000,220,ee,100,legacy,-9.808096151434045,-49.377913055795695,3.7085565801439304,1.4985132386496178,-2.268890246377702,8.930242599916395,0.1599482297897339,9.362087895472845e-05,0.007713794708251953,307.5,37.5,13.888888888888884,2407.0,117.0,5.109170305676858,3170.0,160.0,5.31561461794019
48000,220,ee,100,synchronous,0.0004746313546303086,-53.32630374765145,1.7678313623509605,1.2288644153368873,0.1472709362643514,0.35783145636815233,0.15719544887542725,5.16821112897661e-06,0.006996273994445801,280.0,10.0,3.703703703703698,2234.0,-56.0,-2.4454148471615755,2993.0,-17.0,-0.5647840531561421
48000,220,ee,100,spectral,0.0004782744245354767,-53.33543297181643,2.3915993498553165,1.398496068745676,-0.34714338336515155,0.35663697939924555,0.160003662109375,0.00011544737964868545,0.00732421875,277.0,7.0,2.592592592592591,2290.0,0.0,0.0,3143.0,133.0,4.418604651162794
48000,220,ee,-200,legacy,19.25395473019607,-38.5425705058305,6.371208790702525,1.4548148100577425,-2.7705372659423655,9.107677462835088,0.15969979763031006,-6.205841898918152e-05,0.006506085395812988,253.0,-17.0,-6.296296296296299,2027.0,-263.0,-11.484716157205243,2670.0,-340.0,-11.29568106312292
48000,220,ee,-200,synchronous,0.0017142896473399069,-53.2486180974072,1.6320405226089798,1.2327857918681349,-0.5899935041107981,0.26711103440808687,0.16947591304779053,-0.0001684668411811193,0.007721424102783203,260.0,-10.0,-3.703703703703709,2247.0,-43.0,-1.8777292576419247,3033.0,23.0,0.7641196013288942
48000,220,ee,-200,spectral,0.001714538324223929,-53.43586907737938,3.6081216248857544,2.375355893540497,-0.13303088882786912,0.2195695715043376,0.1699047088623047,4.178767816887961e-05,0.007679343223571777,247.0,-23.0,-8.518518518518514,2237.0,-53.0,-2.3144104803493493,2820.0,-190.0,-6.312292358803983
48000,220,ee,200,legacy,-17.31223616292717,-36.0305083869899,6.9126387543443535,1.7142121932736527,-2.3516913442142555,8.467730286678744,0.15991544723510742,-0.00010672958774699105,0.00816965103149414,127.5,-142.5,-52.77777777777778,2550.0,260.0,11.353711790393017,3353.0,343.0,11.395348837209296
48000,220,ee,200,synchronous,0.0015361261308914054,-53.30526629001214,1.4689892680813355,1.1443736395670707,0.13469562102360516,0.12984589249634948,0.15626215934753418,7.213381429513296e-05,0.007340192794799805,287.0,17.0,6.296296296296289,2307.0,17.0,0.7423580786026118,3053.0,43.0,1.4285714285714235
48000,220,ee,200,spectral,0.0015185823762298145,-53.20127022662306,3.9283037927974402,2.2308834980336862,-0.7457387274354612,0.13638901677952187,0.160003662109375,-9.868652870257695e-05,0.0076978206634521484,290.0,20.0,7.407407407407418,2387.0,97.0,4.235807860262009,3133.0,123.0,4.086378737541518
48000,220,ee,-300,legacy,29.485699289306204,-33.87532790580062,8.527738077202404,1.4392385997272246,-2.619408596832486,8.764372865423745,0.1598876714706421,1.081368989414639e-07,0.00612640380859375,240.0,-30.0,-11.111111111111116,1913.0,-377.0,-16.462882096069865,2523.0,-487.0,-16.17940199335548
48000,220,ee,-300,synchronous,0.0015417964467804373,-53.22355379985564,1.205605994464357,1.0258502367623796,-0.8859618921539856,0.6158243581701308,0.1744450330734253,9.823673301272923e-07,0.007955312728881836,260.0,-10.0,-3.703703703703709,2290.0,0.0,0.0,3043.0,33.0,1.09634551495017
48000,220,ee,-300,spectral,0.0015734165997464402,-53.400629720473475,4.581761008740557,3.4154363176561326,-0.03680996226083649,0.4793319924366452,0.17825806140899658,1.0210565394825405e-06,0.008575677871704102,240.0,-30.0,-11.111111111111116,2133.0,-157.0,-6.855895196506545,2700.0,-310.0,-10.299003322259138
48000,220,ee,300,legacy,-25.217791277459952,-28.475040491607828,9.2989845119129,1.3880320948977465,-2.561418017550423,8.016303415269425,0.159912109375,5.494929022259183e-05,0.008646726608276367,345.0,75.0,27.777777777777768,2703.0,413.0,18.03493449781659,3554.0,544.0,18.073089700996682
48000,220,ee,300,synchronous,0.0009583709844600771,-53.30883829212256,1.686032915769606,1.1141179014423492,-0.07567380137407426,0.3289792786628551,0.15130209922790527,2.081674834092458e-05,0.0070416927337646484,300.0,30.0,11.111111111111116,2244.0,-46.0,-2.008733624454151,3037.0,27.0,0.8970099667774178
48000,220,ee,300,spectral,0.000995752434691335,-53.058822625652454,4.0565356102743415,2.945421811009362,-0.9273773938388351,0.3223441140387847,0.160003662109375,1.696450842751397e-05,0.00732421875,300.0,30.0,11.111111111111116,2466.0,176.0,7.68558951965066,3273.0,263.0,8.737541528239202
48000,220,ee,-500,legacy,51.9078720924983,-11.090337101992995,12.539615844949434,1.469889046497608,-2.6284916265305833,7.984655320195993,0.15989065170288086,-0.0001103673130273819,0.0054836273193359375,211.5,-58.5,-21.666666666666668,1703.0,-587.0,-25.63318777292577,2247.0,-763.0,-25.34883720930232
48000,220,ee,-500,synchronous,0.0006176032102502156,-52.89344743539878,1.8756388259100747,1.469560173692597,-1.1814925071004743,0.7261693238362352,0.1848597526550293,1.1224937107827929e-05,0.008429169654846191,263.0,-7.0,-2.592592592592591,2240.0,-50.0,-2.183406113537123,3043.0,33.0,1.09634551495017
48000,220,ee,-500,spectral,0.0006111545297003499,-52.81617561457661,6.38630053307038,4.112635056471588,-0.6962077724794041,0.6113988783405515,0.16876208782196045,0.00012568027195003297,0.008272767066955566,223.0,-47.0,-17.407407407407405,2203.0,-87.0,-3.799126637554584,2577.0,-433.0,-14.385382059800666
48000,220,ee,500,legacy,-39.93655662441995,-5.221972729207116,13.779751351912333,1.3745019506348097,-2.5165471058925135,5.407852910675041,0.159795880317688,2.585013293557697e-05,0.009713172912597656,388.0,118.0,43.70370370370371,3033.0,743.0,32.44541484716157,3987.0,977.0,32.458471760797345
48000,220,ee,500,synchronous,-0.0006570079398299615,-52.807869502955846,1.7993254248261836,1.078062581321943,-1.2059846221696289,0.2092981343301646,0.13346457481384277,-9.893850319915348e-05,0.007379651069641113,330.0,60.0,22.222222222222232,2243.0,-47.0,-2.0524017467248856,3050.0,40.0,1.3289036544850585
48000,220,ee,500,spectral,-0.0006413395193331821,-52.39239045210091,5.654388410750926,4.391175079205366,-0.9294050652087231,0.17569431286151252,0.160003662109375,-2.8315186500549317e-05,0.00732421875,323.0,53.0,19.62962962962962,2470.0,180.0,7.860262008733621,3347.0,337.0,11.196013289036543
48000,220,ee,-700,legacy,76.69809575678242,-5.439194545591748,16.332057240831876,1.8788189319447857,-2.525807662133712,5.084451840323326,0.15986347198486328,-1.4767406715287103e-05,0.004863142967224121,183.0,-87.0,-32.22222222222222,1517.0,-773.0,-33.75545851528384,2000.0,-1010.0,-33.5548172757475
48000,220,ee,-700,synchronous,-0.000659628653093565,-52.812884388014474,1.3814730387677472,1.218305088703713,-1.1657758110248693,0.4424963295846787,0.19584059715270996,-2.097443574004703e-05,0.008929967880249023,257.0,-13.0,-4.814814814814817,2267.0,-23.0,-1.0043668122270755,3030.0,20.0,0.6644518272425293
48000,220,ee,-700,spectral,-0.0006598782713575442,-52.7105008301426,10.455113689668098,5.596831748225494,-0.6443750581366746,0.28213753276485726,0.17116069793701172,3.268048995070987e-05,0.00732421875,202.0,-68.0,-25.185185185185187,1853.0,-437.0,-19.08296943231441,2410.0,-600.0,-19.933554817275745
48000,220,ee,700,legacy,-53.15102347408176,-0.333706882079,19.981494690902025,5.882576277550594,-2.513480600001543,4.95585879391516,0.15993785858154297,-1.7768761350048913e-05,0.010879993438720703,486.0,216.0,80.0,3359.0,1069.0,46.681222707423586,4394.0,1384.0,45.98006644518273
48000,220,ee,700,synchronous,0.0005745121256319459,-52.771636225134266,2.0410503616566618,1.0238435143457487,-3.5601369464033557,0.17620931920440938,0.10495996475219727,4.7035937507947284e-05,0.007089138031005859,266.0,-4.0,-1.4814814814814836,2220.0,-70.0,-3.056768558951961,3050.0,40.0,1.3289036544850585
48000,220,ee,700,spectral,0.0005917248492882183,-51.89555291919351,10.065239998273887,4.26478034746322,-1.3087355460354244,0.17422579409877192,0.160003662109375,0.0001121252609623803,0.00732421875,352.0,82.0,30.37037037037038,2733.0,443.0,19.344978165938876,4451.0,1441.0,47.87375415282391
48000,220,ee,-1200,legacy,150.6338255655255,-0.36168016655536117,22.368597858039973,9.226104822092434,-2.5151511298524625,5.290985453749761,0.15984594821929932,-1.304224133491516e-07,0.003632664680480957,172.0,-98.0,-36.29629629629629,1133.0,-1157.0,-50.5240174672489,1497.0,-1513.0,-50.265780730897006
48000,220,ee,-1200,synchronous,0.002838431412205453,-53.23641708395054,1.5545457679063293,1.364035553532171,-1.1257800407923844,1.1726633442860108,0.22615039348602295,-1.0890265305836996e-07,0.010282635688781738,277.0,7.0,2.592592592592591,2260.0,-30.0,-1.3100436681222738,3037.0,27.0,0.8970099667774178
48000,220,ee,-1200,spectral,0.002981906534685487,-52.885017610402585,17.09773852618878,4.865061566243065,-0.7785398911764254,0.805965436151088,0.1720360517501831,1.019156641430325e-07,0.00732421875,156.0,-114.0,-42.22222222222223,1163.0,-1127.0,-49.21397379912664,1927.0,-1083.0,-35.98006644518272
48000,220,ee,1200,legacy,-80.53767152898457,-0.02606196833529344,32.894437734092605,27.0503443370697,-2.5141966976843304,0.04071997597277667,0.15940427780151367,-3.6135315895080565e-09,0.014515280723571777,121.5,-148.5,-55.00000000000001,3243.0,953.0,41.615720524017476,4404.0,1394.0,46.31229235880399
48000,220,ee,1200,synchronous,5.776915247353635e-05,-52.787723414920265,0.1494940283432938,0.14410026313094515,-10.8739458817121,0.1703827761480521,0.0544285774230957,-1.6262133916219077e-07,0.005993366241455078,273.0,3.0,1.1111111111111072,2290.0,0.0,0.0,3007.0,-3.0,-0.09966777408637606
48000,220,ee,1200,spectral,5.574770097623434e-05,-50.600835276137666,13.826266880378698,3.7522600215531643,-2.9298355170496837,0.19113318635919693,0.160003662109375,-2.2935370604197183e-08,0.00732421875,415.0,145.0,53.703703703703695,2769.0,479.0,20.91703056768559,4694.0,1684.0,55.9468438538206
48000,220,oo,0,legacy,-0.001691497140993635,-53.354571443625446,1.20692432548407,1.2069243254840718,0.0,0.4069257119836266,0.160003662109375,-1.52587890625e-07,0.008880615234375,300.0,0.0,0.0,870.0,0.0,0.0,2240.0,0.0,0.0
48000,220,oo,0,synchronous,-0.001691497140993635,-53.354571443625446,1.20692432548407,1.2069243254840718,0.0,0.4069257119836266,0.160003662109375,-1.52587890625e-07,0.008880615234375,300.0,0.0,0.0,870.0,0.0,0.0,2240.0,0.0,0.0
48000,220,oo,0,spectral,-0.001691497140993635,-53.354571443625446,1.20692432548407,1.2069243254840718,0.0,0.4069257119836266,0.160003662109375,-1.52587890625e-07,0.008880615234375,300.0,0.0,0.0,870.0,0.0,0.0,2240.0,0.0,0.0
48000,220,oo,-0.1,legacy,-0.0017139983390570056,-53.36556032862981,1.2025708241292838,1.2022762012458232,-0.0013610503343517357,0.4118960565220452,0.1600019931793213,-2.443815271059672e-06,0.008877158164978027,300.0,0.0,0.0,870.0,0.0,0.0,2237.0,-3.0,-0.1339285714285765
48000,220,oo,-0.1,synchronous,-0.0017255284296230054,-53.30768658723702,1.1760171178751844,1.1758788800443527,-0.0026809339483913133,0.3800809324144199,0.16000771522521973,-9.360425174236298e-06,0.008880615234375,300.0,0.0,0.0,870.0,0.0,0.0,2237.0,-3.0,-0.1339285714285765
48000,220,oo,-0.1,spectral,-0.0017289699416138046,-53.34856740887028,1.1860408374598506,1.1844848842894196,-0.004128183723525421,0.41359475134604035,0.1627035140991211,-2.3248005244466993e-06,0.009078502655029297,300.0,0.0,0.0,870.0,0.0,0.0,2237.0,-3.0,-0.1339285714285765
48000,220,oo,0.1,legacy,-0.0016036603792962153,-53.35749701887528,1.2079522598669943,1.20763143283684,-0.0017565037725202572,0.41676259538370475,0.16000235080718994,1.7585108677546184e-06,0.008877158164978027,300.0,0.0,0.0,870.0,0.0,0.0,2237.0,-3.0,-0.1339285714285765
48000,220,oo,0.1,synchronous,-0.001586975322998403,-53.30418032962249,1.231118839604144,1.2309098134136072,-0.0007118975199601283,0.4008537152807462,0.1599968671798706,9.01196151971817e-06,0.008880257606506348,300.0,0.0,0.0,870.0,0.0,0.0,2237.0,-3.0,-0.1339285714285765
48000,220,oo,0.1,spectral,-0.0015883594486184938,-53.32010323432328,1.6139595561974582,1.5909184587045073,-0.004606729631613058,0.41689576124529754,0.1623368263244629,1.9097328186035156e-06,0.008901476860046387,300.0,0.0,0.0,870.0,0.0,0.0,2223.0,-17.0,-0.7589285714285743
48000,220,oo,-1,legacy,0.0029617523385453417,-53.39500170446156,1.20366347125176,1.2024819131659106,-0.009767338424515448,0.5098717760668732,0.1599900722503662,-2.8391149308946398e-05,0.0088731050491333,300.0,0.0,0.0,870.0,0.0,0.0,2237.0,-3.0,-0.1339285714285765
48000,220,oo,-1,synchronous,0.0012945017348195997,-53.341584029838735,1.000575757889014,0.9995356505635166,-0.00487850819093125,0.5199755989793349,0.1600489616394043,-5.33246248960495e-05,0.008879303932189941,300.0,0.0,0.0,870.0,0.0,0.0,2237.0,-3.0,-0.1339285714285765
48000,220,oo,-1,spectral,0.0012936476199444042,-53.410633706520926,1.2409393111824434,1.2331983157543556,-0.04134275862740001,0.4912789768386585,0.16170811653137207,-2.8549171984195708e-05,0.008983016014099121,300.0,0.0,0.0,867.0,-3.0,-0.34482758620689724,2233.0,-7.0,-0.31250000000000444
48000,220,oo,1,legacy,-0.0008622198885028576,-53.01805547338777,1.2052229931980987,1.2052229931980971,-0.012244533346962412,0.5093579539203529,0.1599942445755005,3.3241427607006494e-05,0.00888216495513916,300.0,0.0,0.0,870.0,0.0,0.0,2240.0,0.0,0.0
48000,220,oo,1,synchronous,0.0008126669188981924,-52.96901995833317,1.4264803511533677,1.4264803511533672,0.0012926170513290736,0.4915730567712509,0.1599574089050293,4.7960562838448416e-05,0.008878946304321289,300.0,0.0,0.0,870.0,0.0,0.0,2240.0,0.0,0.0
48000,220,oo,1,spectral,0.0008103642339632,-53.01463748028049,1.4909605914522435,1.471256995837672,-0.04478948590367183,0.5113242060723767,0.161474347114563,3.06708241502444e-05,0.008880615234375,297.0,-3.0,-1.0000000000000009,867.0,-3.0,-0.34482758620689724,2226.0,-14.0,-0.6249999999999978
48000,220,oo,-5,legacy,0.044016571133436856,-52.980883372070636,1.1868268288474815,1.1751380796276156,-0.24423059077356996,0.8755393945552274,0.15991711616516113,0.0001665758424335056,0.008841872215270996,300.0,0.0,0.0,867.0,-3.0,-0.34482758620689724,2230.0,-10.0,-0.44642857142856984
48000,220,oo,-5,synchronous,0.0001260583727349198,-52.89040707084276,1.8808922431440898,1.8800138190595206,-0.0017789475788253942,0.4995057185548325,0.1602308750152588,-2.8373197548919254e-05,0.008878707885742188,300.0,0.0,0.0,870.0,0.0,0.0,2237.0,-3.0,-0.1339285714285765
48000,220,oo,-5,spectral,0.00012713243402425958,-52.94468216133353,1.297084859709361,1.2825135028805508,-0.20384178777992312,0.4924654340765382,0.160003662109375,0.00014595480428801643,0.008880615234375,297.0,-3.0,-1.0000000000000009,863.0,-7.0,-0.8045977011494232,2233.0,-7.0,-0.31250000000000444
48000,220,oo,5,legacy,-0.04326754687076537,-53.36372568606873,1.1983154542366108,1.1953727090289052,-0.24021312119967148,0.9149738557399766,0.15994954109191895,-4.083185974094603e-05,0.008892655372619629,303.0,3.0,1.0000000000000009,873.0,3.0,0.34482758620688614,2243.0,3.0,0.1339285714285765
48000,220,oo,5,synchronous,0.0002715224490215237,-53.26879478538856,2.2609430027038,2.2561910551475797,0.011339186331921873,0.5475931817142625,0.1597766876220703,-0.00023366361028618284,0.008881092071533203,303.0,3.0,1.0000000000000009,870.0,0.0,0.0,2250.0,10.0,0.44642857142858094
48000,220,oo,5,spectral,0.0002698315021541265,-53.33094420406305,1.3660846507249853,1.3638959696745443,-0.20249869152400246,0.5459839634223949,0.160003662109375,1.4634947809908125e-05,0.008880615234375,297.0,-3.0,-1.0000000000000009,867.0,-3.0,-0.34482758620689724,2240.0,0.0,0.0
48000,220,oo,-10,legacy,0.2053903146577713,-53.478460100899085,1.228424691848212,1.1798940536392943,-0.962862169572263,1.9308492606415055,0.15992069244384766,4.832000368171268e-05,0.008800387382507324,303.0,3.0,1.0000000000000009,863.0,-7.0,-0.8045977011494232,2220.0,-20.0,-0.8928571428571397
48000,220,oo,-10,synchronous,0.0017252894931475585,-53.28948297487757,2.4558606485959773,2.452682641112335,-0.02808996236524494,0.4595084252327457,0.16046559810638428,7.776983496215609e-05,0.008878588676452637,300.0,0.0,0.0,873.0,3.0,0.34482758620688614,2247.0,7.0,0.31250000000000444
48000,220,oo,-10,spectral,0.0017360969285968929,-53.33949074436225,1.304555304479033,1.2597128120625676,-0.3811398755222573,0.43464836503737425,0.160003662109375,4.3486679593722026e-05,0.008880615234375,297.0,-3.0,-1.0000000000000009,866.0,-4.0,-0.45977011494252595,2220.0,-20.0,-0.8928571428571397
48000,220,oo,10,legacy,-0.2031147760220736,-53.433239486568326,1.1983582026061865,1.1827992675830987,-0.9739744012594245,1.9640209506656172,0.15996456146240234,-0.00016799503316481908,0.008899569511413574,307.0,7.0,2.333333333333343,873.0,3.0,0.34482758620688614,2247.0,7.0,0.31250000000000444
48000,220,oo,10,synchronous,0.00160823327613226,-53.28344038571127,3.222841679818935,3.2011781827142722,0.020925758778795524,0.5613802108521636,0.1595628261566162,7.866295675436656e-05,0.008883237838745117,303.0,3.0,1.0000000000000009,870.0,0.0,0.0,2263.0,23.0,1.0267857142857162
48000,220,oo,10,spectral,0.0016073740522075898,-53.34967222099026,1.3015976904759883,1.299482988515338,-0.38778689870749233,0.5689336591555096,0.160003662109375,-0.00017288844618532393,0.008880615234375,297.0,-3.0,-1.0000000000000009,870.0,0.0,0.0,2237.0,-3.0,-0.1339285714285765
48000,220,oo,-25,legacy,4.205328295013657,-49.387194979697014,3.3285594953210547,3.0706214981237165,-4.467208507915449,6.416264178555679,0.15965819358825684,-0.00011597453720039792,0.008719444274902344,332.0,32.0,10.666666666666668,826.0,-44.0,-5.057471264367819,2191.0,-49.0,-2.187499999999998
48000,220,oo,-25,synchronous,0.0011219944076176194,-52.967447800533705,3.801560526864749,3.7846379084235022,-0.05811338544616304,0.454805391682226,0.1611618995666504,-6.024195088280572e-05,0.00888049602508545,297.0,-3.0,-1.0000000000000009,890.0,20.0,2.298850574712641,2250.0,10.0,0.44642857142858094
48000,220,oo,-25,spectral,0.0011333380170461033,-53.03322872565382,1.7017859463515053,1.648311803594698,-0.6300961697304613,0.4543655902390854,0.160003662109375,-4.445466316408581e-05,0.008880615234375,297.0,-3.0,-1.0000000000000009,864.0,-6.0,-0.6896551724137945,2217.0,-23.0,-1.0267857142857162
48000,220,oo,25,legacy,-4.331484850998986,-49.68061027922253,2.9366430691720176,2.738932512984232,-4.515882528163789,6.361668337114555,0.15974175930023193,0.00014477740145391887,0.008976459503173828,342.0,42.0,13.99999999999999,849.0,-21.0,-2.4137931034482807,2251.0,11.0,0.4910714285714324
48000,220,oo,25,synchronous,0.00022625976503601577,-53.27161737203893,3.8127190114416503,3.742195389571114,0.04351244748601525,0.633983415125684,0.1590026617050171,-2.9676987065209284e-05,0.008889317512512207,307.0,7.0,2.333333333333343,867.0,-3.0,-0.34482758620689724,2284.0,44.0,1.9642857142857073
48000,220,oo,25,spectral,0.00025776096486498007,-53.32877611206917,1.3610927029388609,1.313977244935275,-0.6613442889514863,0.642066332292901,0.160003662109375,4.688336203495661e-05,0.008880615234375,303.0,3.0,1.0000000000000009,877.0,7.0,0.8045977011494232,2263.0,23.0,1.0267857142857162
48000,220,oo,-50,legacy,2.379434835782484,-52.7871988901265,2.338754925296693,1.8990480116507371,-2.1926526359914975,7.486090980431001,0.15991544723510742,-5.6312655409177145e-05,0.008598089218139648,306.0,6.0,2.0000000000000018,837.0,-33.0,-3.7931034482758585,2170.0,-70.0,-3.125
48000,220,oo,-50,synchronous,-0.0016538567665806353,-53.33062821925277,4.3660233884842885,4.356479523369639,-0.13085768615423723,0.4623759794939056,0.16232943534851074,-4.3427074948946635e-05,0.008912324905395508,294.0,-6.0,-2.0000000000000018,883.0,13.0,1.4942528735632177,2237.0,-3.0,-0.1339285714285765
48000,220,oo,-50,spectral,-0.0016254618816703274,-53.38521356242283,1.8411089899533308,1.600619858080286,-0.7094258447765212,0.468127128920537,0.160003662109375,2.9177293181419374e-05,0.008880615234375,298.0,-2.0,-0.666666666666671,859.0,-11.0,-1.2643678160919491,2191.0,-49.0,-2.187499999999998
48000,220,oo,50,legacy,-1.9710359968573827,-53.32868859566321,1.6818036308630762,1.3419914970691587,-2.161033888007898,7.631932909849849,0.15997862815856934,-2.26888722843594e-05,0.00912177562713623,320.0,20.0,6.666666666666665,887.0,17.0,1.9540229885057547,2297.0,57.0,2.5446428571428648
48000,220,oo,50,synchronous,0.0015460968927218182,-53.33147521280782,1.6592067447438068,1.6449016362626236,0.07541821187085912,0.616847961457651,0.1582852602005005,1.8212836649682786e-05,0.008903264999389648,307.0,7.0,2.333333333333343,876.0,6.0,0.6896551724137945,2233.0,-7.0,-0.31250000000000444
48000,220,oo,50,spectral,0.0015585010019870341,-53.389944586072986,1.4308317456050845,1.3112209526831353,-0.7694673086919266,0.641754532067984,0.160003662109375,-3.143200029929479e-05,0.008880615234375,307.0,7.0,2.333333333333343,883.0,13.0,1.4942528735632177,2286.0,46.0,2.0535714285714324
48000,220,oo,-100,legacy,11.100563212789899,-49.32503521267222,4.8772212077946,4.366505417659997,-1.8556100257833372,7.645410286674856,0.15995752811431885,-3.3054500818252563e-05,0.008353233337402344,303.0,3.0,1.0000000000000009,863.0,-7.0,-0.8045977011494232,2130.0,-110.0,-4.91071428571429
48000,220,oo,-100,synchronous,0.000259251203008694,-52.86255921969734,2.9316333867810975,2.859475988136949,-0.26913845299772,0.4704966722896653,0.16469180583953857,-6.518558909495671e-05,0.009078621864318848,293.0,-7.0,-2.3333333333333317,897.0,27.0,3.103448275862064,2250.0,10.0,0.44642857142858094
48000,220,oo,-100,spectral,0.0002784075904518218,-52.93982199163547,2.562554693247659,1.688789350512588,-0.1666090835753657,0.43117519551228933,0.16645431518554688,-0.00013041410595178603,0.009057283401489258,288.0,-12.0,-4.0000000000000036,842.0,-28.0,-3.218390804597704,2141.0,-99.0,-4.419642857142858
48000,220,oo,100,legacy,-9.808099451898524,-49.23809689532238,2.7531843607738704,1.5545678384639794,-2.0688142168704906,7.163295839972879,0.15996718406677246,7.372370196713341e-05,0.009402632713317871,340.0,40.0,13.33333333333333,900.0,30.0,3.4482758620689724,2357.0,117.0,5.223214285714284
48000,220,oo,100,synchronous,0.00043656973385867206,-53.27937068013323,4.107120507826763,4.073040687386805,0.09198577158270241,0.3989063844390789,0.15711772441864014,5.121156159374449e-05,0.008892655372619629,313.0,13.0,4.333333333333322,887.0,17.0,1.9540229885057547,2237.0,-3.0,-0.1339285714285765
48000,220,oo,100,spectral,0.00047856525726867156,-53.32575736584168,1.7184220963437167,1.2032193614025002,-0.4054805696055877,0.394702838511835,0.160003662109375,7.670370241006215e-05,0.008880615234375,307.0,7.0,2.333333333333343,896.0,26.0,2.9885057471264354,2303.0,63.0,2.8124999999999956
48000,220,oo,-200,legacy,19.25395499459139,-38.41737757304794,5.061225090397562,3.050929459535247,-2.510685890933846,7.453294956551131,0.15999627113342285,-6.419872658120262e-05,0.007884383201599121,285.0,-15.0,-5.000000000000004,766.0,-104.0,-11.954022988505752,1991.0,-249.0,-11.116071428571427
48000,220,oo,-200,synchronous,0.0017163339139880432,-53.28075505432906,3.788022587352217,3.7144412681644225,-0.6012460962366858,0.41626133077571575,0.16949832439422607,-0.0001648132585816913,0.009394526481628418,283.0,-17.0,-5.666666666666664,897.0,27.0,3.103448275862064,2243.0,3.0,0.1339285714285765
48000,220,oo,-200,spectral,0.0017136286056869806,-53.34060605519233,4.712299421473933,3.4046739632623853,-0.054464807637031536,0.36260744159961433,0.17557454109191895,-3.4700532754262286e-05,0.009296894073486328,277.0,-23.0,-7.666666666666666,807.0,-63.0,-7.241379310344831,2030.0,-210.0,-9.375
48000,220,oo,200,legacy,-17.312236044887243,-35.942081790397765,5.172555716655764,1.49141693655976,-2.144739433591818,6.999090768972232,0.15993738174438477,-8.349111096726523e-05,0.00995016098022461,360.0,60.0,19.999999999999996,950.0,80.0,9.195402298850585,2500.0,260.0,11.607142857142861
48000,220,oo,200,synchronous,0.0015476584821740146,-53.31408980463632,3.9269818921987905,3.8180803760141404,-0.018560438042516135,0.18890935813792703,0.15247511863708496,4.68682704700364e-05,0.008724212646484375,323.0,23.0,7.666666666666666,903.0,33.0,3.7931034482758585,2253.0,13.0,0.5803571428571352
48000,220,oo,200,spectral,0.0015195998863605223,-53.3368974887616,3.665740227582024,1.525178109037161,-0.7174830168658346,0.17006429359206074,0.160003662109375,-5.558353331353929e-05,0.008880615234375,320.0,20.0,6.666666666666665,931.0,61.0,7.0114942528735735,2407.0,167.0,7.455357142857144
48000,220,oo,-300,legacy,29.485702680574956,-32.37070199160087,6.439852340964257,3.2679312526014237,-2.3798157558111988,7.345176026687268,0.15991175174713135,-6.515590680970086e-06,0.007441878318786621,270.0,-30.0,-9.999999999999998,724.0,-146.0,-16.781609195402304,1883.0,-357.0,-15.937500000000004
48000,220,oo,-300,synchronous,0.0015902936659261096,-53.26987105376466,2.7313447577008185,2.6418860010308474,-0.8460944836592011,0.6362769665525569,0.1744823455810547,1.0062878330548604e-06,0.009675741195678711,275.0,-25.0,-8.333333333333337,886.0,16.0,1.839080459770126,2231.0,-9.0,-0.4017857142857184
48000,220,oo,-300,spectral,0.0015720752177557872,-53.29226076086093,5.976435701781467,3.9119743935258517,0.2009272135687978,0.5676868131073779,0.18771040439605713,2.495861715740628e-07,0.00972282886505127,267.0,-33.0,-10.999999999999998,776.0,-94.0,-10.80459770114942,1921.0,-319.0,-14.241071428571427
48000,220,oo,300,legacy,-25.2177907516918,-26.74394264133636,6.70114416837176,1.5186888898405773,-2.3323191385145265,6.819749183961507,0.15996170043945312,6.871881584326426e-05,0.010524153709411621,382.0,82.0,27.333333333333343,1003.0,133.0,15.287356321839084,2650.0,410.0,18.30357142857142
48000,220,oo,300,synchronous,0.0009616577435909164,-53.332818681963715,3.885817236135496,3.724190380785317,-0.23016334226726567,0.3677296063383046,0.14623212814331055,1.5774576200379265e-05,0.008510470390319824,337.0,37.0,12.333333333333329,883.0,13.0,1.4942528735632177,2213.0,-27.0,-1.2053571428571441
48000,220,oo,300,spectral,0.0009966222271456467,-53.2830191167989,4.675950418732727,2.1536859107722885,-0.7636016670671643,0.35283468923740524,0.160003662109375,1.3338497115506066e-05,0.008880615234375,332.0,32.0,10.666666666666668,970.0,100.0,11.494252873563227,2513.0,273.0,12.187499999999996
48000,220,oo,-500,legacy,51.90788114641656,-11.738012518438774,9.244869716616769,5.3521000044975455,-2.3868383471365178,6.818980987422223,0.15989577770233154,-8.885725090901058e-05,0.006651759147644043,237.0,-63.0,-20.999999999999996,652.0,-218.0,-25.057471264367813,1685.0,-555.0,-24.776785714285708
48000,220,oo,-500,synchronous,0.0006135070314963525,-52.9197815155645,3.5269448762170503,3.392066768461663,-1.0633518503087986,0.8179048065656864,0.18485760688781738,5.7174137069119345e-05,0.010252952575683594,267.0,-33.0,-10.999999999999998,893.0,23.0,2.643678160919549,2241.0,1.0,0.04464285714285143
48000,220,oo,-500,spectral,0.0006114969188517129,-52.81765132932997,7.631906146354202,5.201066705979367,-0.04038330400813136,0.695178841278481,0.19071102142333984,0.00011464614835050372,0.009662389755249023,244.0,-56.0,-18.666666666666664,723.0,-147.0,-16.896551724137932,1720.0,-520.0,-23.214285714285708
48000,220,oo,500,legacy,-39.936550814143004,-5.954990456084344,10.265315468339978,1.5215915419761126,-2.289573313364174,4.706532156022378,0.1599036455154419,2.681759496529897e-05,0.011825323104858398,430.0,130.0,43.333333333333336,1118.0,248.0,28.505747126436788,2983.0,743.0,33.169642857142854
48000,220,oo,500,synchronous,-0.0006529169756849212,-52.937887559424354,3.8004764904880095,3.19640018794729,-1.0773784514629416,0.2803762464628434,0.1373814344406128,-7.343730164898767e-05,0.00924825668334961,135.0,-165.0,-55.00000000000001,839.0,-31.0,-3.563218390804601,2231.0,-9.0,-0.4017857142857184
48000,220,oo,500,spectral,-0.0006409288782803685,-52.65653554183709,7.163895878896656,3.602266623532505,-0.5625397173002431,0.22008679535415654,0.160003662109375,-5.092051708035999e-05,0.008880615234375,342.0,42.0,13.99999999999999,1057.0,187.0,21.494252873563212,2807.0,567.0,25.312500000000004
48000,220,oo,-700,legacy,76.69810341424044,-6.176888572262129,11.922246638182395,8.172079929770181,-2.2958572838430644,4.6337768094119625,0.15992772579193115,-4.6247512929969365e-05,0.00590670108795166,210.0,-90.0,-30.000000000000004,586.0,-284.0,-32.64367816091954,1515.0,-725.0,-32.36607142857143
48000,220,oo,-700,synchronous,-0.0006776659966643524,-52.91886808166986,3.8847665446228357,3.7388532533879513,-1.0285161070247684,0.5511251295579559,0.19585108757019043,8.933453096283807e-06,0.01086282730102539,343.0,43.0,14.333333333333332,902.0,32.0,3.67816091954023,2248.0,8.0,0.3571428571428559
48000,220,oo,-700,spectral,-0.0006609571338560073,-52.69789818716571,9.189037070022234,6.233575998832555,0.5076629629147809,0.5249931421727536,0.2039787769317627,4.165781040986379e-05,0.010048747062683105,220.0,-80.0,-26.66666666666667,676.0,-194.0,-22.29885057471265,1538.0,-702.0,-31.339285714285715
48000,220,oo,700,legacy,-53.15102328918399,-1.0731147630747888,13.871234067709924,5.995030437188128,-2.2859209917777967,4.289000386433179,0.1599057912826538,-2.3439042270183563e-05,0.013243436813354492,540.0,240.0,80.0,1194.0,324.0,37.24137931034483,3316.0,1076.0,48.03571428571429
48000,220,oo,700,synchronous,0.000612938285746042,-52.827417311698134,3.2481441182226582,2.460811660089347,-3.137073338685163,0.32221062811785584,0.11037445068359375,5.064935733874639e-05,0.00730288028717041,400.0,100.0,33.33333333333333,933.0,63.0,7.241379310344831,2237.0,-3.0,-0.1339285714285765
48000,220,oo,700,spectral,0.0005942391674038569,-52.277289583536316,8.351630022183443,4.474531604958186,-0.5298767379428732,0.23838140576963268,0.160003662109375,9.578313264581892e-05,0.008880615234375,356.0,56.0,18.666666666666675,1155.0,285.0,32.75862068965518,3176.0,936.0,41.78571428571429
48000,220,oo,-1200,legacy,150.6337254234218,-1.097625204101046,17.13126479225599,9.629396854502064,-2.2877256594631117,5.24300322825609,0.15998220443725586,-2.0684053500493368e-07,0.004426717758178711,223.0,-77.0,-25.66666666666667,480.0,-390.0,-44.827586206896555,3874.0,1634.0,72.94642857142857
48000,220,oo,-1200,synchronous,0.0028497132663651186,-53.20704378392421,1.9423603721465443,1.8613148872371066,-0.9941039365826831,1.1658321538873255,0.22615540027618408,-1.6378859678904216e-07,0.012532234191894531,293.0,-7.0,-2.3333333333333317,899.0,29.0,3.3333333333333437,2235.0,-5.0,-0.22321428571429047
48000,220,oo,-1200,spectral,0.002987941262396383,-51.84525706540718,11.686916269197475,8.018266254034568,0.8187537831499104,0.7733427134021743,0.21930420398712158,3.142116798294915e-07,0.009701967239379883,387.0,87.0,29.000000000000004,615.0,-255.0,-29.31034482758621,1198.0,-1042.0,-46.517857142857146
48000,220,oo,1200,legacy,-80.53767145959428,-0.019614694591905034,32.07972683802683,28.28472661577533,-2.2864173381396786,0.07339802349858109,0.15970969200134277,-1.5599032243092855e-07,0.01766979694366455,135.0,-165.0,-55.00000000000001,1318.0,448.0,51.49425287356322,3469.0,1229.0,54.86607142857143
48000,220,oo,1200,synchronous,5.867871850054054e-05,-53.1173457820892,1.5704954185220468,1.5478335820651348,-4.111396952988861,0.2086634197019749,0.09336733818054199,-2.716481685638428e-07,0.008178472518920898,317.0,17.0,5.666666666666664,883.0,13.0,1.4942528735632177,2230.0,-10.0,-0.44642857142856984
48000,220,oo,1200,spectral,5.712888607406951e-05,-51.55512055836914,14.341943714661069,7.37697474434761,-0.5107021522793935,0.1986802498751747,0.160003662109375,7.684032122294108e-08,0.008880615234375,370.0,70.0,23.33333333333334,1081.0,211.0,24.25287356321839,3829.0,1589.0,70.93750000000001
48000,440,ah,0,legacy,5.802994892638341e-05,-53.020928694702,0.1543313064362689,0.15433130643626955,0.0,0.22524792741819022,0.160003662109375,-5.0862630208333337e-08,0.015655517578125,730.0,0.0,0.0,1090.0,0.0,0.0,2440.0,0.0,0.0
48000,440,ah,0,synchronous,5.802994892638341e-05,-53.020928694702,0.1543313064362689,0.15433130643626955,0.0,0.22524792741819022,0.160003662109375,-5.0862630208333337e-08,0.015655517578125,730.0,0.0,0.0,1090.0,0.0,0.0,2440.0,0.0,0.0
48000,440,ah,0,spectral,5.802994892638341e-05,-53.020928694702,0.1543313064362689,0.15433130643626955,0.0,0.22524792741819022,0.160003662109375,-5.0862630208333337e-08,0.015655517578125,730.0,0.0,0.0,1090.0,0.0,0.0,2440.0,0.0,0.0
48000,440,ah,-0.1,legacy,0.000514639229342608,-53.05638413772289,0.21231089411742865,0.20732163898745118,-0.008049491029747691,0.24448066256866127,0.15998780727386475,2.3396768503718906e-06,0.01565396785736084,730.0,0.0,0.0,1090.0,0.0,0.0,2437.0,-3.0,-0.12295081967212962
48000,440,ah,-0.1,synchronous,0.0005412245187839455,-52.81693705786323,0.18897974220600686,0.18488903135456886,-0.010301588558577145,0.23990707191601862,0.15999150276184082,-6.817856596575843e-06,0.01565372943878174,730.0,0.0,0.0,1090.0,0.0,0.0,2437.0,-3.0,-0.12295081967212962
48000,440,ah,-0.1,spectral,0.000534456125960397,-52.99156109470596,0.6393984996679364,0.6324128894298966,-0.011528059311592308,0.23499111195555195,0.16416501998901367,2.3925056060155233e-06,0.01602303981781006,733.0,3.0,0.4109589041095818,1090.0,0.0,0.0,2436.0,-4.0,-0.16393442622950616
48000,440,ah,0.1,legacy,-0.0004428582913897396,-53.064139643365465,0.2078033442203418,0.20464695784575376,-0.008427943577241408,0.22545541498477706,0.15998733043670654,-2.2068164414829676e-06,0.015655994415283203,730.0,0.0,0.0,1090.0,0.0,0.0,2437.0,-3.0,-0.12295081967212962
48000,440,ah,0.1,synchronous,-0.00046483836029073314,-52.858354574786915,0.21541979438589684,0.2127775041626143,-0.00903178751320753,0.20851066376251048,0.16000747680664062,6.780235303772821e-06,0.0156557559967041,730.0,0.0,0.0,1090.0,0.0,0.0,2437.0,-3.0,-0.12295081967212962
48000,440,ah,0.1,spectral,-0.00046203969776510283,-52.999621688494415,0.7264408284518933,0.7024994965660507,-0.012161251798831589,0.2200113859586256,0.16168880462646484,-2.171657979488373e-06,0.01581704616546631,733.0,3.0,0.4109589041095818,1087.0,-3.0,-0.27522935779816793,2430.0,-10.0,-0.4098360655737654
48000,440,ah,-1,legacy,-0.002106115914590126,-53.19418687286891,0.20895795207871903,0.20056146082626344,-0.016681049382748985,0.24197755194511186,0.15994393825531006,-2.7410065134366352e-06,0.015644073486328125,730.0,0.0,0.0,1090.0,0.0,0.0,2437.0,-3.0,-0.12295081967212962
48000,440,ah,-1,synchronous,-0.0007557602712528858,-53.00904935494093,0.19521344187380624,0.1912035257424262,-0.009334256617000016,0.220208114072093,0.1599346399307251,-3.138221800327301e-06,0.015647411346435547,730.0,0.0,0.0,1090.0,0.0,0.0,2437.0,-3.0,-0.12295081967212962
48000,440,ah,-1,spectral,-0.000755794117134456,-53.40905358974598,0.5319815303238995,0.5114401814943543,-0.11318534270688599,0.21805983902695833,0.16364800930023193,1.5202371610535516e-06,0.016072869300842285,730.0,0.0,0.0,1087.0,-3.0,-0.27522935779816793,2433.0,-7.0,-0.2868852459016358
48000,440,ah,1,legacy,0.002075009636345305,-53.18962718032475,0.19615355073896398,0.19615355073896365,-0.019125068238878048,0.24483797708233473,0.15995371341705322,3.465896679295434e-05,0.015662193298339844,730.0,0.0,0.0,1090.0,0.0,0.0,2440.0,0.0,0.0
48000,440,ah,1,synchronous,0.0007233097181748524,-53.00419020563662,0.3804806848468644,0.3801560288226799,-0.006840962489069549,0.23934008977144203,0.16004884243011475,-1.7588606311215293e-05,0.015662670135498047,730.0,0.0,0.0,1090.0,0.0,0.0,2437.0,-3.0,-0.12295081967212962
48000,440,ah,1,spectral,0.0007226602415334848,-53.40160144334238,0.5924166660320069,0.5668584383748653,-0.11867807179049907,0.23615540917375843,0.160003662109375,2.8926651510927412e-05,0.01568293571472168,730.0,0.0,0.0,1087.0,-3.0,-0.27522935779816793,2430.0,-10.0,-0.4098360655737654
48000,440,ah,-5,legacy,-0.034066863887932154,-52.79708613227715,0.2778685540471144,0.20360545540935215,-0.255595137032857,0.6383393791282904,0.15993332862854004,3.7096010314093694e-05,0.015606045722961426,727.0,-3.0,-0.4109589041095929,1087.0,-3.0,-0.27522935779816793,2430.0,-10.0,-0.4098360655737654
48000,440,ah,-5,synchronous,0.00012844581970145562,-52.64096573661051,1.0833132143817779,1.079357889372063,-0.02436996046542221,0.24103910158927044,0.1596735715866089,-1.615987883673774e-05,0.015616059303283691,727.0,-3.0,-0.4109589041095929,1089.0,-1.0,-0.09174311926605228,2437.0,-3.0,-0.12295081967212962
48000,440,ah,-5,spectral,0.000126337837336274,-52.947923174109015,0.5891914911417541,0.5435037148952732,-0.5179955800502642,0.243775556220999,0.160003662109375,1.0809265077114106e-05,0.015655517578125,726.0,-4.0,-0.5479452054794498,1080.0,-10.0,-0.917431192660545,2430.0,-10.0,-0.4098360655737654
48000,440,ah,5,legacy,0.03405430366959234,-52.79655624175387,0.21692554265981018,0.20681735417329536,-0.2557025273356733,0.6133497371068135,0.15991973876953125,-6.74962169594235e-05,0.01569342613220215,730.0,0.0,0.0,1093.0,3.0,0.2752293577981568,2443.0,3.0,0.12295081967212962
48000,440,ah,5,synchronous,-0.00014013830625241873,-52.636485681687105,1.1974878987852113,1.1958358252467816,-0.001800568595881095,0.22975096948952362,0.16022753715515137,7.951320459445318e-05,0.01569235324859619,733.0,3.0,0.4109589041095818,1090.0,0.0,0.0,2440.0,0.0,0.0
48000,440,ah,5,spectral,-0.00014096567065917663,-52.94170355210096,0.4436566976960545,0.42369655124666167,-0.5290065359304253,0.23175167349126294,0.160003662109375,-4.972645805941688e-05,0.015655517578125,727.0,-3.0,-0.4109589041095929,1084.0,-6.0,-0.5504587155963248,2447.0,7.0,0.2868852459016358
48000,440,ah,-10,legacy,-0.1402770304274399,-52.937174739266624,0.5458245973861547,0.36016347306767765,-0.9728836935508168,1.9797285863803782,0.15986919403076172,-5.157830814520518e-05,0.015553593635559082,718.0,-12.0,-1.6438356164383605,1083.0,-7.0,-0.6422018348623881,2418.0,-22.0,-0.901639344262295
48000,440,ah,-10,synchronous,-0.0005329982056353378,-52.70055864513217,2.1650188660607625,2.157732154855789,-0.039069480361704045,0.24065932473935503,0.1593480110168457,2.882769952217738e-05,0.015578269958496094,723.0,-7.0,-0.9589041095890427,1087.0,-3.0,-0.27522935779816793,2433.0,-7.0,-0.2868852459016358
48000,440,ah,-10,spectral,-0.0005228945572403847,-53.00697200129103,0.6523144787311926,0.5131815746403328,-0.7901691991533497,0.1452575391306482,0.160003662109375,-4.6490877866745e-06,0.015655517578125,724.0,-6.0,-0.8219178082191747,1086.0,-4.0,-0.3669724770642202,2415.0,-25.0,-1.0245901639344246
48000,440,ah,10,legacy,0.1401314159227609,-52.94018586924164,0.4056182416144908,0.364930546567631,-0.9917366968493747,1.9231313070776017,0.15986979007720947,5.017273955874973e-05,0.015738368034362793,726.0,-4.0,-0.5479452054794498,1096.0,6.0,0.5504587155963359,2447.0,7.0,0.2868852459016358
48000,440,ah,10,synchronous,0.0003538076416628123,-52.71222614040578,2.480971302697066,2.47587400879624,0.008525739574489603,0.2162268713837825,0.16048109531402588,4.042556302415e-05,0.015732526779174805,737.0,7.0,0.9589041095890316,1093.0,3.0,0.2752293577981568,2447.0,7.0,0.2868852459016358
48000,440,ah,10,spectral,0.0003588646404325205,-53.00808437958246,0.3792403399494575,0.3711836657763574,-0.8200878156708878,0.21946792905308,0.160003662109375,1.0559120111995274e-05,0.015655517578125,730.0,0.0,0.0,1093.0,3.0,0.2752293577981568,2443.0,3.0,0.12295081967212962
48000,440,ah,-25,legacy,-0.898443453100712,-49.79167054602182,2.9629659645269286,2.4303638034818777,-4.563657505757432,6.413241077056588,0.1596662998199463,-3.085188567638397e-05,0.015380859375,656.0,-74.0,-10.136986301369866,1073.0,-17.0,-1.559633027522933,2373.0,-67.0,-2.7459016393442615
48000,440,ah,-25,synchronous,0.0008751240715490465,-53.09461213089293,4.3031774278166806,4.279631898339571,-0.08221467615991065,0.283158806804586,0.15824246406555176,5.295365220970578e-05,0.015473484992980957,713.0,-17.0,-2.328767123287667,1083.0,-7.0,-0.6422018348623881,2423.0,-17.0,-0.6967213114754123
48000,440,ah,-25,spectral,0.0008690381602229451,-53.44676023168766,0.8026356317621531,0.49701951049751103,-0.27910962871415124,0.2796902438922439,0.160003662109375,3.617372363805771e-05,0.015655517578125,728.0,-2.0,-0.2739726027397249,1077.0,-13.0,-1.1926605504587129,2405.0,-35.0,-1.434426229508201
48000,440,ah,25,legacy,0.8919596180583754,-49.063748285121,2.7259059812642104,2.4777059354206155,-4.62004654671615,6.367493906968871,0.15974140167236328,1.9242829746670193e-05,0.015831470489501953,671.0,-59.0,-8.082191780821912,1106.0,16.0,1.4678899082568808,2443.0,3.0,0.12295081967212962
48000,440,ah,25,synchronous,-0.00012609038107157038,-52.66356813962666,2.7031311849044926,2.5682473893323228,0.03397153231164621,0.12881977063332015,0.1610473394393921,-4.6719060175948674e-05,0.015851259231567383,733.0,3.0,0.4109589041095818,1103.0,13.0,1.192660550458724,2487.0,47.0,1.9262295081967196
48000,440,ah,25,spectral,-0.00013438552347894823,-52.93012268560194,0.6400576101175726,0.37152089485832573,-0.3796310293120464,0.12176611433063733,0.160003662109375,-5.319911986589432e-05,0.015655517578125,746.0,16.0,2.191780821917799,1096.0,6.0,0.5504587155963359,2470.0,30.0,1.2295081967213184
48000,440,ah,-50,legacy,-1.0038834593625985,-52.79070119610481,1.8714973892105033,0.9104830444667857,-2.233535774491866,7.804074015307934,0.15991735458374023,-3.94706924756368e-07,0.015195608139038086,684.0,-46.0,-6.301369863013695,1057.0,-33.0,-3.027522935779814,2357.0,-83.0,-3.401639344262297
48000,440,ah,-50,synchronous,0.0008771252920770821,-53.03563647993669,4.161838273816343,4.0882723566061445,-0.1748561601272328,0.3212476473778926,0.15608954429626465,-2.619559152258767e-05,0.015330672264099121,701.0,-29.0,-3.9726027397260277,1076.0,-14.0,-1.2844036697247652,2411.0,-29.0,-1.1885245901639307
48000,440,ah,-50,spectral,0.0008890984706599699,-53.45145287966964,1.3345163003357716,0.4778497646333737,-0.29656998897620435,0.3127001931324461,0.1607365608215332,-3.4762956202030184e-05,0.015655517578125,711.0,-19.0,-2.602739726027392,1066.0,-24.0,-2.2018348623853212,2371.0,-69.0,-2.8278688524590145
48000,440,ah,50,legacy,0.8929789927392617,-53.33270238990305,1.336559392117813,0.7919107604755867,-2.1943328703328056,7.614708250016484,0.15982115268707275,-2.0615748233265346e-05,0.01610422134399414,727.0,-3.0,-0.4109589041095929,1120.0,30.0,2.752293577981657,2497.0,57.0,2.336065573770485
48000,440,ah,50,synchronous,-0.000830335905666977,-53.00811796538952,3.195079297482691,2.7751819352433067,0.04327749424583384,0.10478638799651468,0.16140449047088623,-2.3052071531613666e-05,0.01603996753692627,737.0,7.0,0.9589041095890316,1117.0,27.0,2.477064220183478,2523.0,83.0,3.401639344262297
48000,440,ah,50,spectral,-0.000836684798804012,-53.347887738440235,1.1911455194465292,0.542929294625274,-0.5649244673126368,0.1020777996216021,0.160003662109375,7.118190328280131e-05,0.015655517578125,740.0,10.0,1.3698630136986356,1100.0,10.0,0.917431192660545,2503.0,63.0,2.581967213114744
48000,440,ah,-100,legacy,-2.657134835604945,-49.26695975888201,3.330085791966777,1.3681634210101457,-1.8871446072249425,7.721036730471443,0.15989816188812256,1.7354914711581338e-05,0.01474618911743164,650.0,-80.0,-10.95890410958904,1027.0,-63.0,-5.779816513761471,2283.0,-157.0,-6.434426229508194
48000,440,ah,-100,synchronous,0.0002628260365488083,-52.62418685969025,3.9138713515439467,3.3350021154344334,-0.4397175287301256,0.28786874473705987,0.15117275714874268,3.7798629038863715e-05,0.015236735343933105,703.0,-27.0,-3.698630136986303,1077.0,-13.0,-1.1926605504587129,2633.0,193.0,7.909836065573761
48000,440,ah,-100,spectral,0.00027487790257015856,-52.967043384576904,2.394960414164519,0.7659362861786897,-0.43404479546522867,0.2872388768614474,0.160003662109375,-2.290270808670256e-05,0.015655517578125,694.0,-36.0,-4.93150684931507,1050.0,-40.0,-3.669724770642202,2318.0,-122.0,-5.000000000000004
48000,440,ah,100,legacy,2.3652127085540617,-48.79522131092002,2.7528077262374064,1.3978220935242114,-2.1119927785329513,7.729774145807097,0.1599494218826294,7.181862990061442e-07,0.01657247543334961,730.0,0.0,0.0,1153.0,63.0,5.779816513761471,2563.0,123.0,5.040983606557381
48000,440,ah,100,synchronous,-0.00024574268981499925,-52.59664895521571,2.7694518902264242,1.9151325900252016,-0.04117050276470094,0.26322492772517325,0.15975487232208252,2.6255796353022258e-05,0.016315102577209473,760.0,30.0,4.109589041095885,1123.0,33.0,3.027522935779814,2543.0,103.0,4.221311475409828
48000,440,ah,100,spectral,-0.0002588746585516667,-52.84667565352712,2.3255113906548677,0.6442438195761168,-0.9840668205831418,0.26222535374254563,0.160003662109375,-3.6936944557560816e-05,0.015655517578125,757.0,27.0,3.698630136986303,1123.0,33.0,3.027522935779814,2560.0,120.0,4.918032786885251
48000,440,ah,-200,legacy,-4.837256233026651,-38.42462225611583,4.663109085164267,1.2686730472182814,-2.566627497880149,7.463805272807047,0.15983927249908447,3.6305404371685454e-05,0.013939499855041504,618.0,-112.0,-15.342465753424662,970.0,-120.0,-11.009174311926607,2158.0,-282.0,-11.557377049180328
48000,440,ah,-200,synchronous,0.0006862719501223482,-52.928288282983885,4.707250325650706,3.416372773682014,-1.0460249000051967,0.25439651338006336,0.1455782651901245,9.806565940380096e-06,0.015792369842529297,693.0,-37.0,-5.068493150684928,1297.0,207.0,18.9908256880734,2553.0,113.0,4.631147540983616
48000,440,ah,-200,spectral,0.0006830910153652146,-53.415733436936286,3.3364024052144785,1.2732027498618612,-0.3674563064816976,0.2613001665021626,0.16058599948883057,4.798800581031375e-05,0.015655517578125,658.0,-72.0,-9.86301369863014,1010.0,-80.0,-7.339449541284404,2205.0,-235.0,-9.631147540983608
48000,440,ah,200,legacy,4.2948592609529515,-36.11525063454828,4.913031749963777,1.3498795575634035,-2.1796655676324215,7.207974139560987,0.15997540950775146,1.2498009536001417e-05,0.017559528350830078,777.0,47.0,6.438356164383552,1220.0,130.0,11.926605504587151,2717.0,277.0,11.352459016393436
48000,440,ah,200,synchronous,-0.0006505596049472334,-52.98514384232358,5.402822273453832,4.788819922798892,-0.6605361166997481,0.16434784362188548,0.1471937894821167,1.754989226659139e-05,0.016010642051696777,758.0,28.0,3.835616438356171,1136.0,46.0,4.220183486238538,2308.0,-132.0,-5.40983606557377
48000,440,ah,200,spectral,-0.0006715214308410904,-53.04234347715115,4.335466939997622,1.1983371836794965,-0.9849793506581893,0.16342960451168975,0.160003662109375,-1.1616812811957465e-05,0.015664219856262207,787.9999999999999,57.999999999999886,7.945205479452033,1152.0,62.0,5.688073394495419,2703.0,263.0,10.778688524590162
48000,440,ah,-300,legacy,-7.455047429567035,-32.57114062161883,6.445231923971609,1.2980218664187186,-2.426318723157952,7.1711770955143015,0.15988576412200928,1.0106782946321699e-05,0.013163328170776367,583.0,-147.0,-20.136986301369863,913.0,-177.0,-16.23853211009174,2037.0,-403.0,-16.516393442622945
48000,440,ah,-300,synchronous,0.000994104670952064,-52.839543519401964,4.9974805854599005,3.4052163441133203,-1.4385191321100637,0.47803885977706084,0.1488354206085205,-4.849251773622301e-07,0.016265034675598145,643.0,-87.0,-11.917808219178083,1223.0,133.0,12.20183486238533,2440.0,0.0,0.0
48000,440,ah,-300,spectral,0.0009930686284445353,-53.41313133197324,5.126410315500021,1.9391075240582878,-0.06499311320425216,0.27070584039565326,0.16597962379455566,2.356933222876655e-06,0.015655517578125,627.0,-103.0,-14.109589041095894,973.0,-117.0,-10.733944954128438,2100.0,-340.0,-13.934426229508201
48000,440,ah,300,legacy,6.248078514034742,-27.06273483550539,6.665932276070072,1.2736896544325118,-2.376985922614783,6.962065120674921,0.1598721742630005,2.4979876147376166e-05,0.01858043670654297,821.9999999999999,91.99999999999989,12.60273972602739,1293.0,203.0,18.623853211009166,2873.0,433.0,17.745901639344265
48000,440,ah,300,synchronous,-0.0006151001315833278,-52.838759873466245,4.332177490370325,3.4541319873835508,-1.8939332509035967,0.3157244756678548,0.1257033348083496,3.871752156151666e-06,0.014584541320800781,767.0,37.0,5.068493150684938,1197.0,107.0,9.816513761467881,2433.0,-7.0,-0.2868852459016358
48000,440,ah,300,spectral,-0.0005799046170854299,-52.80072246165035,4.85503638944039,1.6540152473070093,-1.279755080703318,0.25501745772603734,0.160003662109375,-1.4984450406498379e-05,0.01579737663269043,787.0,57.0,7.8082191780821875,1173.0,83.0,7.614678899082561,2867.0,427.0,17.500000000000004
48000,440,ah,-500,legacy,-13.223570554165994,-12.828519189108826,8.55598906771523,1.477091562874357,-2.4415306247970876,6.846629204486433,0.15980756282806396,-6.8046607904964025e-06,0.0117264986038208,521.0,-209.0,-28.63013698630137,816.0,-274.0,-25.137614678899077,1818.0,-622.0,-25.49180327868853
48000,440,ah,-500,synchronous,0.0005874734337588062,-52.74089622398267,4.3531291006414055,3.752122630954685,-1.2206853888438927,0.5134153645861661,0.1584181785583496,3.168400377035141e-05,0.017229676246643066,793.0,63.0,8.630136986301373,1127.0,37.0,3.394495412844045,2500.0,60.0,2.4590163934426146
48000,440,ah,-500,spectral,0.0005914596175810832,-53.006398688758736,6.638685863948733,2.7913935243739707,-0.5901030279282927,0.46045927851538815,0.160003662109375,2.687612341509925e-05,0.015655517578125,600.0,-130.0,-17.808219178082197,1123.0,33.0,3.027522935779814,1906.0,-534.0,-21.88524590163935
48000,440,ah,500,legacy,9.841504633243028,-6.2119284119578,10.673573461335886,1.273466586973961,-2.3315080324366253,4.791198141764974,0.15989959239959717,2.4912916123867036e-05,0.020870566368103027,921.9999999999999,191.9999999999999,26.30136986301368,1449.0,359.0,32.935779816513765,3219.0,779.0,31.926229508196723
48000,440,ah,500,synchronous,-0.0005634714955643486,-52.35987955900381,5.0066500728463526,2.987526253501635,-4.926523473346903,0.16883714449566206,0.08001172542572021,3.825457973612679e-05,0.009339570999145508,893.0,163.0,22.328767123287662,944.0,-146.0,-13.394495412844032,2607.0,167.0,6.844262295081971
48000,440,ah,500,spectral,-0.0005637076792159488,-52.20265718326117,8.09844077150479,2.3646647904800266,-2.312971877579003,0.19320547528326115,0.160003662109375,1.7646617359585233e-05,0.015655517578125,815.9999999999999,85.99999999999989,11.780821917808204,1263.0,173.0,15.871559633027532,3216.0,776.0,31.803278688524593
48000,440,ah,-700,legacy,-19.71869411710152,-6.528119987932993,11.16480107757216,3.1421470513645993,-2.337815798265323,4.24951600709163,0.15990805625915527,6.706224961413278e-05,0.010437607765197754,460.99999999999994,-269.00000000000006,-36.84931506849316,726.0,-364.0,-33.39449541284404,1625.0,-815.0,-33.40163934426229
48000,440,ah,-700,synchronous,-0.0006375995039259929,-52.91547250336326,4.2446901505005075,3.8533952762971224,-1.0918545674486566,0.3268557426716022,0.16784155368804932,-2.2648581200175817e-05,0.018256664276123047,770.0,40.0,5.47945205479452,1277.0,187.0,17.155963302752287,2516.0,76.0,3.1147540983606614
48000,440,ah,-700,spectral,-0.0006419951895451206,-52.701577698512835,8.615727971601427,3.167203631586982,-0.5899425394429794,0.3406545914028407,0.16262447834014893,6.388057437207963e-05,0.015655517578125,538.0,-192.0,-26.3013698630137,1033.0,-57.0,-5.229357798165135,1815.0,-625.0,-25.61475409836066
48000,440,ah,700,legacy,13.036041912708672,-0.9812821653378778,14.847208075698815,5.189827848611265,-2.33197092975601,4.383923820771015,0.15984976291656494,-2.0481637782520717e-05,0.023410558700561523,885.9999999999999,155.9999999999999,21.36986301369861,1642.0,552.0,50.64220183486239,3549.0,1109.0,45.45081967213114
48000,440,ah,700,synchronous,0.0005155589439661321,-52.670624171885635,2.6813039214902656,1.360261445259844,-3.5157881270460054,0.13311288107095737,0.08814609050750732,3.511623789866765e-05,0.008888602256774902,807.0,77.0,10.547945205479458,1103.0,13.0,1.192660550458724,2453.0,13.0,0.532786885245895
48000,440,ah,700,spectral,0.0005093552166876985,-51.469981906889146,10.018998637346769,3.018200173348972,-3.898642085382886,0.20364387914766816,0.160003662109375,-1.1533941659662458e-05,0.015655517578125,828.9999999999999,98.99999999999989,13.561643835616422,1386.0,296.0,27.155963302752294,3643.0,1203.0,49.3032786885246
48000,440,ah,-1200,legacy,-39.79941529880761,-0.9673787765573401,16.52132571556063,8.999823813466556,-2.3300426073738554,4.7427696773303945,0.15984809398651123,-1.0538018412060207e-07,0.007810711860656738,328.5,-401.5,-55.00000000000001,553.0,-537.0,-49.26605504587156,1201.0,-1239.0,-50.778688524590166
48000,440,ah,-1200,synchronous,-0.001679962667017135,-52.925339812164694,3.147037484778456,2.1448715705561034,-1.1263475099774518,0.7972145206539014,0.19359958171844482,-8.925795555114746e-08,0.021061301231384277,773.0,43.0,5.890410958904102,1177.0,87.0,7.981651376146792,2520.0,80.0,3.2786885245901676
48000,440,ah,-1200,spectral,-0.0015072280823385427,-51.34234997603653,11.838593496147508,5.08182272580217,-1.9314092502560793,0.706007435639356,0.160003662109375,-1.7272929350535075e-07,0.015655517578125,410.99999999999994,-319.00000000000006,-43.6986301369863,1010.0,-80.0,-7.339449541284404,1392.0,-1048.0,-42.950819672131146
48000,440,ah,1200,legacy,19.562616015611095,-0.011104132893920043,35.67333982511457,22.365677130881423,-2.3236239512065335,0.01915488819040498,0.15972697734832764,-1.0576099157333374e-07,0.031203150749206543,328.5,-401.5,-55.00000000000001,1096.0,6.0,0.5504587155963359,4154.0,1714.0,70.24590163934425
48000,440,ah,1200,synchronous,-2.9894749783103638e-05,-52.737296525941495,0.050209921473323316,0.039596162266033665,2.267763066716842,0.04590374730040747,0.15190839767456055,-1.2338161468505858e-07,0.01666557788848877,733.0,3.0,0.4109589041095818,1090.0,0.0,0.0,2440.0,0.0,0.0
48000,440,ah,1200,spectral,-2.9309059168693274e-05,-50.04797786593166,12.692097945157876,6.009040611467289,-6.832783492367068,0.18827485840444796,0.160003662109375,-2.4967723422580294e-08,0.015655517578125,1139.0,409.0,56.02739726027397,1499.0,409.0,37.522935779816514,3143.0,703.0,28.811475409836063
48000,440,ee,0,legacy,5.868174650730638e-05,-53.413829427771866,0.060402528270136036,0.06040252827013667,0.0,0.16399972163003348,0.160003662109375,-2.0345052083333335e-07,0.018798828125,270.0,0.0,0.0,2290.0,0.0,0.0,3010.0,0.0,0.0
48000,440,ee,0,synchronous,5.868174650730638e-05,-53.413829427771866,0.060402528270136036,0.06040252827013667,0.0,0.16399972163003348,0.160003662109375,-2.0345052083333335e-07,0.018798828125,270.0,0.0,0.0,2290.0,0.0,0.0,3010.0,0.0,0.0
48000,440,ee,0,spectral,5.868174650730638e-05,-53.413829427771866,0.060402528270136036,0.06040252827013667,0.0,0.16399972163003348,0.160003662109375,-2.0345052083333335e-07,0.018798828125,270.0,0.0,0.0,2290.0,0.0,0.0,3010.0,0.0,0.0
48000,440,ee,-0.1,legacy,0.0005155075228354793,-53.43244596352598,0.13178108725427046,0.11660474417729885,-0.007828143416770393,0.16775035909720057,0.15997886657714844,8.834389348824818e-06,0.018795251846313477,273.0,3.0,1.1111111111111072,2287.0,-3.0,-0.13100436681222627,3010.0,0.0,0.0
48000,440,ee,-0.1,synchronous,0.0005400202573408951,-53.26650795550925,0.11989180282686626,0.10734509143624935,-0.009090642846861865,0.19327779741950157,0.15999352931976318,-7.134348981910282e-06,0.018798232078552246,273.0,3.0,1.1111111111111072,2287.0,-3.0,-0.13100436681222627,3010.0,0.0,0.0
48000,440,ee,-0.1,spectral,0.0005349496490267105,-53.372539216287684,0.4774220704853035,0.46740685537585874,-0.00918598303462959,0.16478526780434408,0.16448426246643066,8.961653543843163e-06,0.019137144088745117,277.0,7.0,2.592592592592591,2287.0,-3.0,-0.13100436681222627,3010.0,0.0,0.0
48000,440,ee,0.1,legacy,-0.00044210108362690404,-53.4659010147639,0.12526336862357812,0.116161249068572,-0.006753011681446801,0.18222181655815392,0.1599733829498291,-8.083242509100172e-06,0.018797874450683594,273.0,3.0,1.1111111111111072,2287.0,-3.0,-0.13100436681222627,3010.0,0.0,0.0
48000,440,ee,0.1,synchronous,-0.00046770092466191093,-53.245368131111476,0.11695064882941573,0.11073584201680141,-0.008098045680995744,0.1762911769808393,0.16000497341156006,7.0578397976027595e-06,0.018795013427734375,273.0,3.0,1.1111111111111072,2287.0,-3.0,-0.13100436681222627,3010.0,0.0,0.0
48000,440,ee,0.1,spectral,-0.000461550226878463,-53.387718217371216,0.4759133152935876,0.4602449513963789,-0.008273977408402373,0.17733089820122092,0.1620502471923828,-7.950895362430148e-06,0.018921613693237305,277.0,7.0,2.592592592592591,2287.0,-3.0,-0.13100436681222627,3010.0,0.0,0.0
48000,440,ee,-1,legacy,-0.0021063257295429703,-52.45084200909612,0.14852936654516982,0.09744985791485211,-0.01230459810220493,0.203763774795524,0.15998220443725586,5.0972538689772286e-05,0.018772006034851074,274.0,4.0,1.4814814814814836,2287.0,-3.0,-0.13100436681222627,3007.0,-3.0,-0.09966777408637606
48000,440,ee,-1,synchronous,-0.0007553850621357167,-52.378314301780236,0.14365410046653718,0.09856508494790225,-0.007857173927029202,0.2041935165940677,0.1598966121673584,-2.193699280420939e-06,0.018798112869262695,274.0,4.0,1.4814814814814836,2287.0,-3.0,-0.13100436681222627,3007.0,-3.0,-0.09966777408637606
48000,440,ee,-1,spectral,-0.0007553879786646154,-53.329598475749535,0.402229658206774,0.3500890070919135,-0.08399315383519024,0.2046000764316652,0.16188490390777588,5.335584696796205e-05,0.018798828125,283.0,13.0,4.814814814814805,2286.0,-4.0,-0.17467248908297206,3007.0,-3.0,-0.09966777408637606
48000,440,ee,1,legacy,0.0020739220603835182,-52.44258827201108,0.10752053328079562,0.09839943095939964,-0.014179030890285396,0.19553686925589564,0.15996825695037842,-4.6352545420328775e-06,0.018796205520629883,276.0,6.0,2.2222222222222143,2290.0,0.0,0.0,3010.0,0.0,0.0
48000,440,ee,1,synchronous,0.0007232504489149888,-52.374329899193135,0.13476390514514194,0.12636276475861702,-0.0044094767895847525,0.1992917232038568,0.16003990173339844,5.437264839808146e-05,0.018794894218444824,276.0,6.0,2.2222222222222143,2290.0,0.0,0.0,3010.0,0.0,0.0
48000,440,ee,1,spectral,0.0007227605270647893,-53.309705110258136,0.4009316782117529,0.3594276253144356,-0.08698572721187679,0.2034915120309444,0.160003662109375,-7.72482819027371e-06,0.018798828125,284.0,14.0,5.185185185185182,2287.0,-3.0,-0.13100436681222627,3010.0,0.0,0.0
48000,440,ee,-5,legacy,-0.034067176530315546,-52.153185089229694,0.36152754305055823,0.10404496869993046,-0.10837981909340824,0.34606641960255957,0.15991425514221191,-5.0647142860624526e-05,0.018709778785705566,273.0,3.0,1.1111111111111072,2280.0,-10.0,-0.4366812227074246,3000.0,-10.0,-0.33222591362126463
48000,440,ee,-5,synchronous,0.00012545064638036545,-52.20700093240783,0.4059631413202959,0.29927759777866997,-0.021859003659560533,0.21031051737562045,0.15947341918945312,-3.819199071990119e-05,0.018807172775268555,273.0,3.0,1.1111111111111072,2283.0,-7.0,-0.30567685589519833,3000.0,-10.0,-0.33222591362126463
48000,440,ee,-5,spectral,0.00012689274098526035,-52.94314660326826,0.38596625148807734,0.3445019854165766,-0.34181085946923084,0.20818520208931923,0.160003662109375,-8.005236999856102e-05,0.018798828125,280.0,10.0,3.703703703703698,2287.0,-3.0,-0.13100436681222627,3007.0,-3.0,-0.09966777408637606
48000,440,ee,5,legacy,0.03405444457735171,-52.17374735724789,0.19605689264801007,0.09664160041799179,-0.10585632863723492,0.26220149110184,0.15994632244110107,-2.739910450246599e-05,0.018798112869262695,276.0,6.0,2.2222222222222143,2294.0,4.0,0.17467248908296096,3016.0,6.0,0.19933554817275212
48000,440,ee,5,synchronous,-0.00014083766364772187,-52.232067722246775,0.36739060949534685,0.3108502182656255,0.004119730394094712,0.20168085584534087,0.16026687622070312,-6.909427543481191e-05,0.018785953521728516,276.0,6.0,2.2222222222222143,2294.0,4.0,0.17467248908296096,3016.0,6.0,0.19933554817275212
48000,440,ee,5,spectral,-0.00014074957178223844,-52.97309627455939,0.47237023711160514,0.3456816649009674,-0.3492454898703071,0.19755576803300118,0.160003662109375,1.2180589967303806e-05,0.018798828125,286.0,16.0,5.9259259259259345,2297.0,7.0,0.30567685589519833,3020.0,10.0,0.33222591362125353
48000,440,ee,-10,legacy,-0.14027728756553642,-52.52463187529728,0.7872818754417049,0.30300367619582974,-0.38301805855160304,0.7117472737156212,0.1598120927810669,5.710343519846598e-05,0.01865410804748535,270.0,0.0,0.0,2270.0,-20.0,-0.8733624454148492,2984.0,-26.0,-0.8637873754152814
48000,440,ee,-10,synchronous,-0.0005272732602381742,-52.59379705190444,0.8106336963682947,0.6478154394333621,-0.033391368442017476,0.13422708990459875,0.15897905826568604,-0.0001283936533663008,0.018816590309143066,270.0,0.0,0.0,2277.0,-13.0,-0.5676855895196509,2993.0,-17.0,-0.5647840531561421
48000,440,ee,-10,spectral,-0.0005231234430301885,-53.364315105768355,0.632279370041404,0.3266329489142223,-0.5330597694635457,0.08333629307558446,0.160003662109375,-2.1203942596912385e-05,0.018798828125,267.0,-3.0,-1.1111111111111072,2273.0,-17.0,-0.7423580786026229,2997.0,-13.0,-0.4318936877076407
48000,440,ee,10,legacy,0.14013149885621964,-52.54881536716561,0.4118364621865599,0.300997619261719,-0.3849580234428537,0.7065812778349116,0.15981483459472656,-0.00011522966126600901,0.01885044574737549,274.0,4.0,1.4814814814814836,2297.0,7.0,0.30567685589519833,3020.0,10.0,0.33222591362125353
48000,440,ee,10,synchronous,0.000355051103557482,-52.62381364303532,0.6766086301973642,0.5180521974160812,0.017092295246204765,0.18949313019870168,0.16058218479156494,1.5693952639897665e-05,0.018775582313537598,277.0,7.0,2.592592592592591,2300.0,10.0,0.4366812227074135,3027.0,17.0,0.5647840531561421
48000,440,ee,10,spectral,0.00035881170856158755,-53.41230539522498,0.4243908407289779,0.31221901805850155,-0.5507529416424755,0.18808106732908375,0.160003662109375,-9.167659613821241e-05,0.018798828125,277.0,7.0,2.592592592592591,2297.0,7.0,0.30567685589519833,3020.0,10.0,0.33222591362125353
48000,440,ee,-25,legacy,-0.8984439772172493,-51.635091232095014,3.4520403214403856,2.389465528378278,-1.3620141133323176,1.4730449319468908,0.1598907709121704,2.88887404733234e-05,0.01847362518310547,277.0,7.0,2.592592592592591,2237.0,-53.0,-2.3144104803493493,2907.0,-103.0,-3.421926910299
48000,440,ee,-25,synchronous,0.0008795950423218414,-52.60506807214508,2.3761256828302937,2.116177629548851,-0.08090855358874346,0.20346547464706732,0.1571640968322754,-6.503906928830677e-05,0.01887047290802002,270.0,0.0,0.0,2260.0,-30.0,-1.3100436681222738,2970.0,-40.0,-1.3289036544850474
48000,440,ee,-25,spectral,0.0008694042086663484,-53.367292467105685,0.9879722319864207,0.3570184212206315,-0.8071200942760333,0.20814682115278757,0.160003662109375,-4.311694453159968e-05,0.018798828125,253.0,-17.0,-6.296296296296299,2263.0,-27.0,-1.1790393013100475,2977.0,-33.0,-1.09634551495017
48000,440,ee,25,legacy,0.8919594323500891,-51.350165388831826,2.4784322498644293,2.4435244583555136,-1.3728968999148339,1.3503450680934286,0.15954279899597168,-1.2710297273264992e-05,0.019029855728149414,286.0,16.0,5.9259259259259345,2303.0,13.0,0.5676855895196509,2993.0,-17.0,-0.5647840531561421
48000,440,ee,25,synchronous,-0.0001357397209483285,-52.26890163762336,1.484688874275431,0.9456695129241769,0.04360499403437117,0.10726088211005685,0.16108083724975586,4.590830869144864e-05,0.018752098083496094,287.0,17.0,6.296296296296289,2317.0,27.0,1.1790393013100475,3050.0,40.0,1.3289036544850585
48000,440,ee,25,spectral,-0.00013454860762845733,-52.948848517208084,1.1130418458028268,0.42810384314361144,-0.8435542791353311,0.11338598605112778,0.160003662109375,-2.915047109127045e-05,0.018798828125,283.0,13.0,4.814814814814805,2317.0,27.0,1.1790393013100475,3043.0,33.0,1.09634551495017
48000,440,ee,-50,legacy,-1.003883244268257,-52.06361976845764,2.6274215883212184,0.882641005357531,-0.7888517531468839,1.8577569528774653,0.15986835956573486,-0.0001002724634276496,0.018247365951538086,266.0,-4.0,-1.4814814814814836,2214.0,-76.0,-3.3187772925764247,2906.0,-104.0,-3.4551495016611256
48000,440,ee,-50,synchronous,0.0009065253657655379,-52.56332121018559,3.2081550708291107,2.920101791176072,-0.17314326428659338,0.14552239778493983,0.15315604209899902,0.00012708270301421484,0.01901543140411377,260.0,-10.0,-3.703703703703709,2243.0,-47.0,-2.0524017467248856,2937.0,-73.0,-2.4252491694352174
48000,440,ee,-50,spectral,0.0008887507697725439,-53.37765375626056,1.5349085043848003,0.46073037194155314,-0.20903123195162193,0.13746929272654596,0.16222631931304932,3.2975139717261e-05,0.018798828125,257.0,-13.0,-4.814814814814817,2236.0,-54.0,-2.358078602620084,2944.0,-66.0,-2.192691029900329
48000,440,ee,50,legacy,0.8929791225990127,-52.07767065781182,2.2258412031929464,0.7506605143100927,-0.779292655321815,1.8017187204700882,0.15989041328430176,-1.1936393049028185e-05,0.019290566444396973,283.0,13.0,4.814814814814805,2350.0,60.0,2.6200873362445476,3077.0,67.0,2.225913621262454
48000,440,ee,50,synchronous,-0.0008114011489164471,-52.48600915706818,2.581388905649507,1.450791294305301,0.06955248443671162,0.09425701931932333,0.16071975231170654,-9.65839127699534e-05,0.018669843673706055,307.0,37.0,13.703703703703706,2347.0,57.0,2.48908296943231,3083.0,73.0,2.4252491694352063
48000,440,ee,50,spectral,-0.0008370789561516642,-53.39296254615181,2.1745782906957825,0.4800167059070628,-0.36935033894863656,0.09415144380119617,0.160003662109375,-6.622857103745143e-05,0.018798828125,313.0,43.0,15.92592592592592,2347.0,57.0,2.48908296943231,3080.0,70.0,2.3255813953488413
48000,440,ee,-100,legacy,-2.6571351097936775,-49.56196954204045,4.0853893223002355,1.489496750505564,-0.6864352204876318,1.908455322400751,0.15979492664337158,-2.0714555349614885e-05,0.01771235466003418,269.0,-1.0,-0.37037037037036535,2144.0,-146.0,-6.375545851528386,2813.0,-197.0,-6.544850498338873
48000,440,ee,-100,synchronous,0.000281012710388288,-52.09440050201847,2.821894999090351,2.4564033652332515,-0.3899773619057674,0.20849528275665133,0.14331793785095215,2.9539076818360222e-05,0.019350647926330566,200.0,-70.0,-25.92592592592593,2260.0,-30.0,-1.3100436681222738,3083.0,73.0,2.4252491694352063
48000,440,ee,-100,spectral,0.0002749148644681129,-52.95123448299555,2.344708177992431,0.8359496599569146,-0.2669853466145812,0.21759375618789245,0.160003662109375,-8.704116774929894e-05,0.018798828125,230.0,-40.0,-14.814814814814813,2183.0,-107.0,-4.672489082969433,2943.0,-67.0,-2.225913621262454
48000,440,ee,100,legacy,2.365213230819933,-48.510496741657946,3.5467083366150307,1.3421100831447677,-0.7557212874033306,1.8847864138059631,0.1598646640777588,-1.3121788700421652e-05,0.01984226703643799,300.0,30.0,11.111111111111116,2413.0,123.0,5.37117903930131,3153.0,143.0,4.750830564784048
48000,440,ee,100,synchronous,-0.00023718535169646693,-52.1747158051904,3.237031989570636,2.503949548018234,0.07091533346717165,0.18119763475350636,0.15559673309326172,6.824119223488702e-06,0.018366336822509766,334.0,64.0,23.703703703703695,2257.0,-33.0,-1.4410480349345,3120.0,110.0,3.6544850498338777
48000,440,ee,100,spectral,-0.00025929091211013966,-52.96804228277068,2.811388228240033,0.9372755160453696,-0.6715473742337092,0.18922867161146073,0.160003662109375,-5.502370496590932e-05,0.018798828125,333.0,63.0,23.33333333333334,2400.0,110.0,4.8034934497816595,3143.0,133.0,4.418604651162794
48000,440,ee,-200,legacy,-4.8372557870558515,-38.18593148798291,7.205414758125275,1.3864989893455166,-0.8873370482695281,1.864487177317189,0.15986227989196777,-0.00011280938155121274,0.01674628257751465,251.5,-18.5,-6.851851851851853,2023.0,-267.0,-11.659388646288205,2660.0,-350.0,-11.627906976744185
48000,440,ee,-200,synchronous,0.0006816761479035831,-52.3873205015974,2.709153879346862,2.3455689718006925,-0.7888043288543723,0.17260689493686593,0.13762104511260986,8.345516191588507e-05,0.019945740699768066,203.0,-67.0,-24.814814814814813,2276.0,-14.0,-0.6113537117903967,3067.0,57.0,1.8936877076412006
48000,440,ee,-200,spectral,0.0006819831354761033,-53.27701199069726,5.0639643757599595,1.5528071702957227,-0.18500860041407907,0.21814680311991574,0.16651487350463867,-9.754238029321034e-06,0.019357800483703613,121.5,-148.5,-55.00000000000001,2096.0,-194.0,-8.471615720524017,2810.0,-200.0,-6.644518272425248
48000,440,ee,200,legacy,4.294859364166999,-35.95407238925641,6.2462744337709974,1.2774283831711064,-0.7777070831446725,1.8010680169580928,0.15996086597442627,-1.5394969118965996e-06,0.021009206771850586,318.5,48.5,17.96296296296296,2557.0,267.0,11.659388646288216,3337.0,327.0,10.86378737541529
48000,440,ee,200,synchronous,-0.0006897367325731189,-52.654491820136464,2.0112418162712284,1.437023235849003,-0.053654374475118276,0.12757122694529383,0.16054177284240723,-0.00010921032064490849,0.01771557331085205,360.0,90.0,33.33333333333333,2273.0,-17.0,-0.7423580786026229,3057.0,47.0,1.561461794019925
48000,440,ee,200,spectral,-0.0006705793912838795,-53.3594971124122,4.84496871895714,1.1215956625934207,-0.9730984892020991,0.15794048623527723,0.160003662109375,7.521212100982665e-05,0.018798828125,356.0,86.0,31.85185185185184,2390.0,100.0,4.366812227074246,3293.0,283.0,9.40199335548173
48000,440,ee,-300,legacy,-7.4550412689338765,-28.82732736606811,9.419164200423417,1.4351987872940821,-0.8501010376930498,1.8316542350689937,0.15991628170013428,2.700235280725691e-06,0.01576709747314453,241.5,-28.5,-10.555555555555552,1907.0,-383.0,-16.724890829694328,2513.0,-497.0,-16.511627906976745
48000,440,ee,-300,synchronous,0.0009909929991585627,-52.32713159830463,3.2269398437953662,1.8237616394296439,-1.079520943652049,0.17815493502758464,0.14165377616882324,2.7705397870805526e-07,0.02053666114807129,121.5,-148.5,-55.00000000000001,2317.0,27.0,1.1790393013100475,3127.0,117.0,3.8870431893687662
48000,440,ee,-300,spectral,0.0009911884194676202,-53.18894639575841,6.21464759297469,2.391357260145011,0.09536473580772141,0.19382718922451853,0.1746349334716797,-2.0252706276045907e-06,0.020458579063415527,121.5,-148.5,-55.00000000000001,2010.0,-280.0,-12.227074235807855,2681.0,-329.0,-10.93023255813953
48000,440,ee,300,legacy,6.24807861245489,-22.84369149516696,8.486731889993834,1.100811111327097,-0.8329645264607224,1.7347820903488664,0.15993106365203857,2.402575065692266e-05,0.022168993949890137,348.0,78.0,28.888888888888896,2706.0,416.0,18.165938864628828,3534.0,524.0,17.408637873754152
48000,440,ee,300,synchronous,-0.0005922376982331295,-52.495599749341125,2.843974806592281,2.2796501467684287,-0.2172855811912473,0.11268955080263378,0.18122601509094238,4.740763041708205e-06,0.01910388469696045,393.0,123.0,45.55555555555555,2240.0,-50.0,-2.183406113537123,3077.0,67.0,2.225913621262454
48000,440,ee,300,spectral,-0.00058102002224975,-53.28609005187466,5.407419734898868,1.6208835257637222,-0.6497753228640902,0.09512208541184113,0.160003662109375,-4.9547478556632995e-06,0.018798828125,417.0,147.0,54.44444444444445,2500.0,210.0,9.170305676855905,3437.0,427.0,14.186046511627914
48000,440,ee,-500,legacy,-13.223548133378268,-17.407397521300926,12.591618451462795,1.5035098566284457,-0.8484278966414348,1.7642910290238998,0.15996038913726807,-0.00011117602801985211,0.014073371887207031,204.5,-65.5,-24.25925925925926,1700.0,-590.0,-25.764192139737997,2240.0,-770.0,-25.581395348837212
48000,440,ee,-500,synchronous,0.0005897841085895148,-52.19937138782122,4.2530120085168415,2.249689156822687,-1.4152638551761596,0.4311774852389243,0.1500706672668457,-2.5089002317852443e-06,0.021757841110229492,486.0,216.0,80.0,2240.0,-50.0,-2.183406113537123,3104.0,94.0,3.122923588039872
48000,440,ee,-500,spectral,0.0005894774312203628,-52.24594802435498,7.216151354171566,4.31964961544305,-0.46557151410880504,0.2410436483635088,0.17776477336883545,0.00011366118159559038,0.019402623176574707,121.5,-148.5,-55.00000000000001,2130.0,-160.0,-6.986899563318783,2470.0,-540.0,-17.94019933554817
48000,440,ee,500,legacy,9.841504882136153,-16.36027330464088,14.293492359898385,0.9421176258253853,-0.8192937290767941,1.353518150937105,0.15961205959320068,-7.862182954947153e-05,0.024831056594848633,405.0,135.0,50.0,3036.0,746.0,32.57641921397381,3961.0,951.0,31.594684385382067
48000,440,ee,500,synchronous,-0.0005648629330224177,-52.22531667306443,3.2252317945639537,2.1108980246509375,-1.4878334915586764,0.14700547650444298,0.15510106086730957,6.298506011565526e-05,0.01923048496246338,480.0,210.0,77.77777777777777,2433.0,143.0,6.2445414847161596,3080.0,70.0,2.3255813953488413
48000,440,ee,500,spectral,-0.0005619593933207359,-53.18818874544249,8.297271072950808,3.9422702139286403,-1.4635843094467162,0.15642639180252887,0.160003662109375,-2.926853381925159e-05,0.018798828125,486.0,216.0,80.0,2689.0,399.0,17.423580786026193,3827.0,817.0,27.142857142857135
48000,440,ee,-700,legacy,-19.718691661433407,-16.418094789819957,16.017508145410087,1.4905578745454235,-0.8266630070041643,1.3487379641334554,0.159936785697937,-9.756510456403097e-06,0.01254284381866455,179.0,-91.0,-33.7037037037037,1513.0,-777.0,-33.930131004366814,2000.0,-1010.0,-33.5548172757475
48000,440,ee,-700,synchronous,-0.0006487028617298328,-52.083646086381194,5.086489448359656,2.777944035676361,-1.3548428798838352,0.2694864723594214,0.15899276733398438,-1.080343292819129e-05,0.02304697036743164,476.0,206.0,76.2962962962963,2267.0,-23.0,-1.0043668122270755,3093.0,83.0,2.757475083056482
48000,440,ee,-700,spectral,-0.0006432294378165016,-52.39364407406187,10.282128373894368,4.369809774425286,-0.4849094582839891,0.2779892067564885,0.1787632703781128,-3.8564792937702605e-05,0.018798828125,121.5,-148.5,-55.00000000000001,1910.0,-380.0,-16.5938864628821,2240.0,-770.0,-25.581395348837212
48000,440,ee,700,legacy,13.036041631031521,-14.204516906772305,18.1108196490129,4.457302974115281,-0.822583363452055,1.2121787690576487,0.15984904766082764,6.00370971692933e-05,0.02787160873413086,486.0,216.0,80.0,3366.0,1076.0,46.98689956331879,4237.0,1227.0,40.76411960132891
48000,440,ee,700,synchronous,0.0005115445365085635,-51.45847183226959,3.3886464032297807,2.600759380027783,-4.430438559857355,0.11417754671056424,0.1514418125152588,5.2023004326555464e-05,0.01898634433746338,469.0,199.0,73.7037037037037,2254.0,-36.0,-1.5720524017467263,3146.0,136.0,4.518272425249159
48000,440,ee,700,spectral,0.00051360260724067,-53.071979746969824,9.579306678344212,4.1028824185734765,-1.6734290625016282,0.12938307594755447,0.160003662109375,-2.8256248268816206e-05,0.018798828125,486.0,216.0,80.0,2896.0,606.0,26.462882096069862,4377.0,1367.0,45.41528239202657
48000,440,ee,-1200,legacy,-39.79941596185897,-14.193468275366163,22.78693695277629,7.0124476878559365,-0.8194925347970414,1.4160188089500771,0.15996921062469482,-2.574341164694892e-07,0.00939321517944336,121.5,-148.5,-55.00000000000001,1136.0,-1154.0,-50.393013100436676,1407.0,-1603.0,-53.25581395348837
48000,440,ee,-1200,synchronous,-0.001681270955808033,-53.28995827794137,4.824710353519767,2.6091512414951836,-1.291682582798822,0.7870985025044103,0.18282759189605713,-1.969436804453532e-07,0.026334524154663086,486.0,216.0,80.0,2293.0,3.0,0.13100436681223737,3097.0,87.0,2.8903654485049834
48000,440,ee,-1200,spectral,-0.001625428474193118,-51.979389847996885,16.382389865004548,4.126598605223126,-0.11247164271520521,0.2912377793654559,0.19124925136566162,1.9338395860460068e-08,0.018798828125,121.5,-148.5,-55.00000000000001,1430.0,-860.0,-37.55458515283843,1867.0,-1143.0,-37.9734219269103
48000,440,ee,1200,legacy,19.562616139076333,-0.39183341627627577,44.69562411468272,25.391464755367764,-0.8133296426177008,0.03752536181197977,0.15942668914794922,-3.5853435595830284e-07,0.03715085983276367,486.0,216.0,80.0,3944.0,1654.0,72.22707423580785,4401.0,1391.0,46.2126245847176
48000,440,ee,1200,synchronous,-2.9913159427059346e-05,-44.707525185646645,0.07435405338930925,0.03894646629382182,-11.848549780103477,0.049056041219693744,0.054352641105651855,-3.4540891647338867e-07,0.008147716522216797,290.0,20.0,7.407407407407418,2290.0,0.0,0.0,3007.0,-3.0,-0.09966777408637606
48000,440,ee,1200,spectral,-2.9670242501929848e-05,-51.870060420442556,12.717882236785357,6.714725889382477,-3.1991620116565556,0.09358198691446516,0.160003662109375,-4.637986421585083e-08,0.018798828125,486.0,216.0,80.0,2883.0,593.0,25.89519650655021,4684.0,1674.0,55.61461794019933
48000,440,oo,0,legacy,5.859316817963839e-05,-53.254779559337564,0.8266986107425909,0.8260766062905107,0.0,0.1720924560764386,0.160003662109375,2.7974446614583333e-07,0.01397705078125,303.0,3.0,1.0000000000000009,873.0,3.0,0.34482758620688614,2240.0,0.0,0.0
48000,440,oo,0,synchronous,5.859316817963839e-05,-53.254779559337564,0.8266986107425909,0.8260766062905107,0.0,0.1720924560764386,0.160003662109375,2.7974446614583333e-07,0.01397705078125,303.0,3.0,1.0000000000000009,873.0,3.0,0.34482758620688614,2240.0,0.0,0.0
48000,440,oo,0,spectral,5.859316817963839e-05,-53.254779559337564,0.8266986107425909,0.8260766062905107,0.0,0.1720924560764386,0.160003662109375,2.7974446614583333e-07,0.01397705078125,303.0,3.0,1.0000000000000009,873.0,3.0,0.34482758620688614,2240.0,0.0,0.0
48000,440,oo,-0.1,legacy,0.0005154060917471926,-53.279378386803636,0.8572814416734066,0.851067322929754,-0.004631901146127671,0.16013246749065294,0.16000163555145264,5.3734994596905175e-06,0.013975977897644043,306.0,6.0,2.0000000000000018,876.0,6.0,0.6896551724137945,2237.0,-3.0,-0.1339285714285765
48000,440,oo,-0.1,synchronous,0.0005420193812939612,-52.786358633299315,0.7100941478029694,0.7073496733136296,-0.006262593703234286,0.18208095843180322,0.16000759601593018,-8.850590222411686e-06,0.013978123664855957,303.0,3.0,1.0000000000000009,873.0,3.0,0.34482758620688614,2237.0,-3.0,-0.1339285714285765
48000,440,oo,-0.1,spectral,0.0005349100792896655,-53.23894987470546,1.1587843723776945,1.1339297224793867,-0.008255964436810748,0.16055005605728545,0.16432344913482666,5.151741206645966e-06,0.0143204927444458,316.0,16.0,5.333333333333323,883.0,13.0,1.4942528735632177,2233.0,-7.0,-0.31250000000000444
48000,440,oo,0.1,legacy,-0.0004421757086196024,-53.28361603927938,0.8502848971580215,0.8444724209392676,-0.004451474825330147,0.2099442066041855,0.1600019931793213,-5.9795669383472865e-06,0.013977766036987305,306.0,6.0,2.0000000000000018,876.0,6.0,0.6896551724137945,2237.0,-3.0,-0.1339285714285765
48000,440,oo,0.1,synchronous,-0.00046470117908784154,-52.81367639487611,0.9737082462455232,0.9662915764073887,-0.004552450400550826,0.1622300367747291,0.15999889373779297,9.423684742715624e-06,0.013979077339172363,309.0,9.0,3.0000000000000027,879.0,9.0,1.0344827586206806,2237.0,-3.0,-0.1339285714285765
48000,440,oo,0.1,spectral,-0.0004615887998598277,-53.24029866823661,1.1167203472011231,1.0532004800794015,-0.008646086698146925,0.20413322365530975,0.16166353225708008,-6.22411568959554e-06,0.014120697975158691,320.0,20.0,6.666666666666665,883.0,13.0,1.4942528735632177,2223.0,-17.0,-0.7589285714285743
48000,440,oo,-1,legacy,-0.0021064379025917583,-53.29206161056466,0.8517824184001601,0.8438970332918738,-0.009175490263349536,0.262706884266224,0.15998125076293945,1.3781992925537957e-05,0.013967752456665039,310.0,10.0,3.3333333333333437,880.0,10.0,1.1494252873563315,2237.0,-3.0,-0.1339285714285765
48000,440,oo,-1,synchronous,-0.0007552122659672187,-52.83420347676655,0.9119180527823226,0.9105217900205812,-0.005825540432775738,0.2582052190458487,0.16004765033721924,-1.66684596074952e-05,0.0139693021774292,294.0,-6.0,-2.0000000000000018,865.0,-5.0,-0.5747126436781658,2241.0,1.0,0.04464285714285143
48000,440,oo,-1,spectral,-0.0007554671837398262,-53.3785779607902,1.0568699308114382,1.0170365035370208,-0.07905072028975255,0.2595332598910358,0.1635887622833252,1.5415652758545347e-05,0.01433110237121582,320.0,20.0,6.666666666666665,883.0,13.0,1.4942528735632177,2230.0,-10.0,-0.44642857142856984
48000,440,oo,1,legacy,0.0020738531659098757,-53.28628807628433,0.8472860736350732,0.8419872371222245,-0.01085817086107702,0.2525426605783832,0.15998494625091553,-4.8067073027292884e-05,0.013983845710754395,309.0,9.0,3.0000000000000027,879.0,9.0,1.0344827586206806,2240.0,0.0,0.0
48000,440,oo,1,synchronous,0.0007188996526961757,-52.82855617645542,2.761025053508727,2.7309541649313016,-0.003940902914789671,0.2552419223527084,0.15995681285858154,3.369917886124717e-05,0.013986825942993164,327.0,27.0,9.000000000000007,887.0,17.0,1.9540229885057547,2227.0,-13.0,-0.5803571428571463
48000,440,oo,1,spectral,0.0007228038036730062,-53.37054618715051,1.0263713015982807,0.9607132651815279,-0.08595588683249364,0.253969917520788,0.160003662109375,-5.305988921059502e-05,0.01397705078125,327.0,27.0,9.000000000000007,887.0,17.0,1.9540229885057547,2227.0,-13.0,-0.5803571428571463
48000,440,oo,-5,legacy,-0.03406715446794714,-52.901793573514084,0.8802975222839399,0.8576794640713762,-0.16776254695472476,0.4561482356951725,0.15993452072143555,-2.0906904505358802e-05,0.013933658599853516,313.0,13.0,4.333333333333322,880.0,10.0,1.1494252873563315,2230.0,-10.0,-0.44642857142856984
48000,440,oo,-5,synchronous,0.000132573509400634,-52.470087397120864,4.4057699404003765,4.400489096314357,-0.013218514124483565,0.26650034054580085,0.16023218631744385,-3.424642814530267e-05,0.013936042785644531,280.0,-20.0,-6.666666666666665,857.0,-13.0,-1.4942528735632177,2243.0,3.0,0.1339285714285765
48000,440,oo,-5,spectral,0.00012671606062231757,-52.94440880109573,1.0377886994957808,0.994326220100828,-0.37693909830191874,0.26714359974600854,0.160003662109375,-2.764009353187349e-05,0.01397705078125,320.0,20.0,6.666666666666665,880.0,10.0,1.1494252873563315,2230.0,-10.0,-0.44642857142856984
48000,440,oo,5,legacy,0.03405459270882387,-52.90152981357582,0.8655300234819727,0.8639815254426988,-0.16522960138140833,0.49531285426384886,0.1599370241165161,8.564409282472398e-06,0.01401376724243164,303.0,3.0,1.0000000000000009,873.0,3.0,0.34482758620688614,2243.0,3.0,0.1339285714285765
48000,440,oo,5,synchronous,-0.00014090044511020595,-52.469879794757546,2.7191550091093193,2.649209362335024,0.00564189523016821,0.24054676797048913,0.15977740287780762,-1.2052907711929746e-05,0.014019489288330078,256.0,-44.0,-14.66666666666666,850.0,-20.0,-2.298850574712641,2260.0,20.0,0.8928571428571397
48000,440,oo,5,spectral,-0.0001406563730138122,-52.95053924144885,1.0121246163072406,0.9864941464375575,-0.402935007663236,0.23925505228408514,0.160003662109375,5.41375039352311e-05,0.01397705078125,316.0,16.0,5.333333333333323,876.0,6.0,0.6896551724137945,2247.0,7.0,0.31250000000000444
48000,440,oo,-10,legacy,-0.1402772956240243,-53.26602992510982,1.0464071625375664,0.9533224283132278,-0.6170349830923336,1.2110234241264834,0.15989422798156738,5.205319159560733e-05,0.01389157772064209,294.0,-6.0,-2.0000000000000018,852.0,-18.0,-2.0689655172413834,2215.0,-25.0,-1.1160714285714302
48000,440,oo,-10,synchronous,-0.0005225174895450661,-52.73203394860748,4.499257030277196,4.151621785629592,-0.02414351144641964,0.2656750437191962,0.16046369075775146,-0.00011204390476147334,0.013893961906433105,135.0,-165.0,-55.00000000000001,819.0,-51.0,-5.862068965517242,2281.0,41.0,1.830357142857153
48000,440,oo,-10,spectral,-0.0005231324055795691,-53.23966790060317,1.0886096495645965,0.9791816973814229,-0.6325376299825229,0.2590343434636691,0.160003662109375,-2.251869688431422e-05,0.01397705078125,303.0,3.0,1.0000000000000009,870.0,0.0,0.0,2210.0,-30.0,-1.3392857142857095
48000,440,oo,10,legacy,0.14013143221624755,-53.266883656118836,0.9632332817977856,0.9544394622476996,-0.624723603374449,1.3257613028676352,0.15991175174713135,-0.00011201375474532445,0.014052629470825195,297.0,-3.0,-1.0000000000000009,862.0,-8.0,-0.919540229885063,2241.0,1.0,0.04464285714285143
48000,440,oo,10,synchronous,0.00037943159599832806,-52.74259786665831,4.412195207833332,4.051926350409703,0.016931351819787575,0.21239151993570055,0.15956449508666992,5.707393917772505e-05,0.014062643051147461,135.0,-165.0,-55.00000000000001,827.0,-43.0,-4.9425287356321785,2293.0,53.0,2.366071428571437
48000,440,oo,10,spectral,0.00035885453157380345,-53.26604545433155,0.9554264899817109,0.9518378679216704,-0.6883710538304223,0.21577494473810296,0.160003662109375,-7.182896965079838e-05,0.01397705078125,313.0,13.0,4.333333333333322,880.0,10.0,1.1494252873563315,2240.0,0.0,0.0
48000,440,oo,-25,legacy,-0.8984439005506778,-51.66897362493032,3.2088794906330262,2.607523673996416,-2.421712721259512,2.588660896275793,0.15967345237731934,2.4573480089505514e-05,0.013750672340393066,270.0,-30.0,-9.999999999999998,787.0,-83.0,-9.540229885057471,2173.0,-67.0,-2.9910714285714235
48000,440,oo,-25,synchronous,0.0008891232959212544,-52.87893194995938,6.905995946095249,6.099221388251747,-0.053493160520347194,0.2852232512937589,0.1611572504043579,-3.505819373660617e-05,0.013775110244750977,135.0,-165.0,-55.00000000000001,790.0,-80.0,-9.195402298850574,2337.0,97.0,4.330357142857144
48000,440,oo,-25,spectral,0.0008692236016209455,-53.37644762879602,1.2104254127675738,0.9752002349622656,-0.5443041532313249,0.2806661252577216,0.160003662109375,-1.379732456472185e-05,0.01397705078125,300.0,0.0,0.0,870.0,0.0,0.0,2200.0,-40.0,-1.7857142857142905
48000,440,oo,25,legacy,0.8919593267152868,-51.21839310769339,2.931865786522432,2.630359363276943,-2.442241814966234,2.633952584808913,0.15974271297454834,-1.0564273430241479e-05,0.014160633087158203,277.0,-23.0,-7.666666666666666,807.0,-63.0,-7.241379310344831,2237.0,-3.0,-0.1339285714285765
48000,440,oo,25,synchronous,-0.00013718334438317292,-52.479690495180165,7.335470077511719,6.6575305687644875,0.03418084231099373,0.11423820365164841,0.1590111255645752,2.1625786191887326e-05,0.014188051223754883,135.0,-165.0,-55.00000000000001,810.0,-60.0,-6.896551724137934,2343.0,103.0,4.598214285714275
48000,440,oo,25,spectral,-0.0001344307969326248,-52.96322388283366,1.0442307110950848,0.9521296185772595,-0.7102166612525265,0.11578812182680462,0.160003662109375,-2.6284154090616438e-05,0.01397705078125,320.0,20.0,6.666666666666665,893.0,23.0,2.643678160919549,2270.0,30.0,1.3392857142857206
48000,440,oo,-50,legacy,-1.003883218594312,-52.831440165306766,2.088552964592909,1.3182722651556442,-1.3279901453626832,3.5271622486502374,0.15995895862579346,-9.361932675043742e-05,0.013572454452514648,280.0,-20.0,-6.666666666666665,817.0,-53.0,-6.09195402298851,2153.0,-87.0,-3.8839285714285743
48000,440,oo,-50,synchronous,0.0008571174732064357,-52.88114586015687,7.56377502868474,6.476471218142252,-0.1025555792476719,0.3898567693430461,0.16232585906982422,0.0001131379355986913,0.01360774040222168,135.0,-165.0,-55.00000000000001,773.0,-97.0,-11.149425287356319,2373.0,133.0,5.937499999999996
48000,440,oo,-50,spectral,0.0008889023883836758,-53.353504432224284,1.6718838137900607,1.0038469309342872,-0.12515209617449263,0.3896412534524654,0.16428542137145996,2.3054757879840004e-05,0.01397705078125,304.0,4.0,1.333333333333342,862.0,-8.0,-0.919540229885063,2168.0,-72.0,-3.214285714285714
48000,440,oo,50,legacy,0.8929793181587938,-53.0165764603633,1.3470218001787484,1.2214009339295566,-1.3087132338859873,3.4116926197217974,0.15991342067718506,-1.251795639594396e-05,0.0143815279006958,300.0,0.0,0.0,867.0,-3.0,-0.34482758620689724,2287.0,47.0,2.098214285714284
48000,440,oo,50,synchronous,-0.0008601670860331266,-52.87492650553869,9.007352594797108,8.541827780373062,0.056048401186937845,0.09300000587676645,0.15831053256988525,-9.15491125649876e-05,0.014386653900146484,135.0,-165.0,-55.00000000000001,802.0,-68.0,-7.816091954022985,2161.0,-79.0,-3.5267857142857184
48000,440,oo,50,spectral,-0.0008370190085445265,-53.4539638691153,1.239251438432335,1.0489282406652658,-0.5019469161693741,0.09156394880608514,0.160003662109375,-3.7766537732548184e-05,0.01397705078125,540.0,240.0,80.0,866.0,-4.0,-0.45977011494252595,2316.0,76.0,3.392857142857153
48000,440,oo,-100,legacy,-2.657135199578947,-49.64233260036973,3.5718067104563227,2.3476194548309923,-1.142463766085414,3.5569942282801668,0.15989184379577637,-9.152115219169193e-06,0.013190269470214844,232.0,-68.0,-22.666666666666668,769.0,-101.0,-11.609195402298855,2091.0,-149.0,-6.651785714285719
48000,440,oo,-100,synchronous,0.00026572907243699594,-52.466417638908574,11.940683993237085,11.458451665856817,-0.22408348006339118,0.3093164907577932,0.1646794080734253,6.71790995531612e-05,0.013417601585388184,135.0,-165.0,-55.00000000000001,783.0,-87.0,-9.999999999999998,2397.0,157.0,7.008928571428563
48000,440,oo,-100,spectral,0.0002752034688042116,-52.87012052480209,2.666909662067896,1.1412452174507344,-0.12184312938714706,0.29483386552288804,0.1605358123779297,-5.5333239336808524e-05,0.01397705078125,277.0,-23.0,-7.666666666666666,840.0,-30.0,-3.4482758620689613,2110.0,-130.0,-5.803571428571431
48000,440,oo,100,legacy,2.365213966043689,-48.66264078815135,2.3210667189185776,1.6147951263319518,-1.2656785117917897,3.4621172207583433,0.15985441207885742,6.271277864774068e-07,0.014798998832702637,293.0,-7.0,-2.3333333333333317,870.0,0.0,0.0,2347.0,107.0,4.776785714285725
48000,440,oo,100,synchronous,-0.0002775253472263372,-52.46660419624908,5.759613155698052,5.699381528663228,0.08113636459000445,0.2595563485321343,0.1575077772140503,3.052073220411936e-05,0.014680743217468262,270.0,-30.0,-9.999999999999998,884.0,14.0,1.6091954022988464,2207.0,-33.0,-1.473214285714286
48000,440,oo,100,spectral,-0.0002589902667717797,-52.998017259348885,1.318774069059293,0.7381575436952211,-0.9688516695462894,0.2642272593646889,0.160003662109375,-6.032014058695899e-05,0.01397705078125,350.0,50.0,16.666666666666675,917.0,47.0,5.402298850574705,2373.0,133.0,5.937499999999996
48000,440,oo,-200,legacy,-4.837255779624438,-38.0462087285409,5.43813612676379,1.6242367558438413,-1.5058713125555945,3.4749487147608153,0.15997076034545898,-0.00010318325211604437,0.012451410293579102,256.0,-44.0,-14.66666666666666,743.0,-127.0,-14.59770114942529,1968.0,-272.0,-12.142857142857144
48000,440,oo,-200,synchronous,0.0006837128205779409,-52.82768713023216,9.070564384307822,8.735363540776397,-0.4659155688173872,0.3055732377403355,0.16951048374176025,7.428713142871856e-05,0.013782858848571777,135.0,-165.0,-55.00000000000001,900.0,30.0,3.4482758620689724,2233.0,-7.0,-0.31250000000000444
48000,440,oo,-200,spectral,0.0006828658481427355,-53.16048847127387,4.9049405048388,1.4627757176298235,0.14935840124777722,0.2659564803538451,0.16739237308502197,-6.34367060330179e-05,0.01397705078125,227.0,-73.0,-24.33333333333333,800.0,-70.0,-8.045977011494255,1990.0,-250.0,-11.16071428571429
48000,440,oo,200,legacy,4.294859208641131,-35.78689041842108,4.127410278716162,1.563659282120482,-1.303425841394403,3.312328952664883,0.15990948677062988,-6.251169575585259e-06,0.01567709445953369,315.0,15.0,5.000000000000004,923.0,53.0,6.091954022988499,2493.0,253.0,11.294642857142856
48000,440,oo,200,synchronous,-0.0006998287229381681,-52.878198127576695,6.131322049931174,5.747400477447434,-0.04145253410928151,0.15621021034007104,0.15557622909545898,-9.28364031844669e-05,0.014497876167297363,135.0,-165.0,-55.00000000000001,890.0,20.0,2.298850574712641,2317.0,77.0,3.4375000000000044
48000,440,oo,200,spectral,-0.0006710581900100838,-53.58024147404108,3.599974124155704,1.339861565142391,-1.3451684096564582,0.16197700585984998,0.160003662109375,9.080893049637476e-05,0.01397705078125,393.0,93.0,31.000000000000007,976.0,106.0,12.18390804597702,2527.0,287.0,12.812500000000004
48000,440,oo,-300,legacy,-7.455040970223332,-29.414515077831126,7.395852583473643,2.10811525915057,-1.4334305910820184,3.409982846526357,0.1598970890045166,-3.321965535481771e-07,0.011750578880310059,263.0,-37.0,-12.333333333333329,713.0,-157.0,-18.04597701149425,1857.0,-383.0,-17.098214285714285
48000,440,oo,-300,synchronous,0.0009898533102283163,-52.82416973823504,6.570341512698026,5.461914679937199,-0.6216653902952275,0.4679161128439732,0.1744840145111084,7.477319902843899e-07,0.0143890380859375,527.0,227.0,75.66666666666666,978.0,108.0,12.413793103448278,2398.0,158.0,7.053571428571437
48000,440,oo,-300,spectral,0.0009917371284411869,-53.036522953759906,6.939583255160447,2.4500976433562114,0.615482022863437,0.40721855767273224,0.17471957206726074,-1.2821911109818352e-06,0.01397705078125,467.0,167.0,55.666666666666664,793.0,-77.0,-8.850574712643677,1877.0,-363.0,-16.205357142857146
48000,440,oo,300,legacy,6.248078400548255,-23.49658006035392,6.3091233667990645,1.3514287794825175,-1.4043224967369756,3.169101085564024,0.15992963314056396,2.5719706383016373e-05,0.01660919189453125,351.0,51.0,16.999999999999993,983.0,113.0,12.988505747126444,2640.0,400.0,17.85714285714286
48000,440,oo,300,synchronous,-0.0005574919102522935,-52.83810196331338,6.844263404496163,6.5410575839732035,-0.35786064792717676,0.2676530929858577,0.14904701709747314,8.053212530083126e-06,0.013577103614807129,334.0,34.0,11.333333333333329,957.0,87.0,10.000000000000009,2327.0,87.0,3.883928571428563
48000,440,oo,300,spectral,-0.000580481970197017,-53.58635281779743,5.628917082399604,1.3161343515158854,-1.2824575874967477,0.27078888062384876,0.160003662109375,-5.114455189969804e-06,0.01397705078125,456.0,156.0,52.0,1040.0,170.0,19.54022988505748,2700.0,460.0,20.535714285714278
48000,440,oo,-500,legacy,-13.223541837195743,-15.287623823594094,10.939738890093981,6.536634324077899,-1.4392027197767676,3.414779646095338,0.1598895788192749,-6.335582584142685e-05,0.010467886924743652,135.0,-165.0,-55.00000000000001,599.0,-271.0,-31.149425287356326,1655.0,-585.0,-26.11607142857143
48000,440,oo,-500,synchronous,0.0006108429668550147,-52.590258149729124,9.129510047175764,7.952809000990742,-0.6645929983905741,0.5805879730937762,0.18484604358673096,2.274443291955524e-05,0.015244603157043457,490.0,190.0,63.33333333333333,910.0,40.0,4.597701149425282,2413.0,173.0,7.723214285714275
48000,440,oo,-500,spectral,0.0005910343101936201,-52.544887949664876,8.781582626883518,4.332957980026933,0.4132634098950714,0.4979457358648259,0.17094314098358154,0.00010028022444910474,0.01397705078125,135.0,-165.0,-55.00000000000001,712.0,-158.0,-18.16091954022988,1685.0,-555.0,-24.776785714285708
48000,440,oo,500,legacy,9.84150567552697,-10.379420687920772,9.230271097721191,1.2711469224651109,-1.3847053186557334,2.4533412305925975,0.15986120700836182,-5.072853631443448e-05,0.018633723258972168,476.0,176.0,58.666666666666664,1234.0,364.0,41.839080459770116,2976.0,736.0,32.857142857142854
48000,440,oo,500,synchronous,-0.0005576610371951573,-52.78615811696212,6.21348086719054,6.129990066756232,-1.2453436615698334,0.11735121514684026,0.12110137939453125,9.16233534614245e-05,0.010666251182556152,145.0,-155.0,-51.66666666666666,897.0,27.0,3.103448275862064,2216.0,-24.0,-1.0714285714285676
48000,440,oo,500,spectral,-0.0005628736248894175,-53.67475109284065,8.136547935102733,1.3903914197595282,-2.394556338391652,0.20430410109393216,0.160003662109375,-2.5377372900644938e-05,0.01397705078125,540.0,240.0,80.0,1168.0,298.0,34.2528735632184,3046.0,806.0,35.982142857142854
48000,440,oo,-700,legacy,-19.718692146812884,-10.65634764444856,12.964756116632657,8.508684927012165,-1.3911914662812657,2.382940263059125,0.15993118286132812,-2.7328775160842473e-05,0.009326338768005371,135.0,-165.0,-55.00000000000001,522.0,-348.0,-40.0,1495.0,-745.0,-33.25892857142857
48000,440,oo,-700,synchronous,-0.0006440873045411781,-52.68075746190099,7.997806390382443,6.256527949811841,-0.7187337824479727,0.4004588543647657,0.19585037231445312,-2.3840471274322933e-05,0.016150593757629395,477.0,177.0,59.00000000000001,987.0,117.0,13.448275862068959,2417.0,177.0,7.901785714285725
48000,440,oo,-700,spectral,-0.0006424566126794093,-52.27422609726959,10.043360958555953,5.481897829731843,0.8182697932056777,0.27579013978443584,0.17888247966766357,-1.473532368739446e-05,0.01397705078125,135.0,-165.0,-55.00000000000001,662.0,-208.0,-23.908045977011493,1528.0,-712.0,-31.785714285714285
48000,440,oo,700,legacy,13.03604128211702,-5.584319380949885,13.330661835691346,4.64453092437155,-1.381564872062953,2.271276571946377,0.15996050834655762,4.4207904073927137e-05,0.020918846130371094,445.0,145.0,48.33333333333334,1084.0,214.0,24.597701149425276,3296.0,1056.0,47.14285714285715
48000,440,oo,700,synchronous,0.00050822831525896,-52.71474011207036,2.0685365382602208,1.3175387695018228,-1.7345749750849901,0.09983624463408228,0.09898066520690918,7.149832116232978e-05,0.009206891059875488,462.0,162.0,54.0,841.0,-29.0,-3.3333333333333326,2250.0,10.0,0.44642857142858094
48000,440,oo,700,spectral,0.0005116632191969346,-53.71885945493681,8.815663643674158,3.041159297283316,-3.047083846985632,0.14539145047814406,0.160003662109375,-2.019297331571579e-05,0.01397705078125,540.0,240.0,80.0,1238.0,368.0,42.29885057471265,3139.0,899.0,40.13392857142857
48000,440,oo,-1200,legacy,-39.79941743407185,-5.56973572799595,16.48507267921429,13.388276777275104,-1.3825164889347896,2.558169337218439,0.15999960899353027,2.2636933459175958e-07,0.006988406181335449,135.0,-165.0,-55.00000000000001,391.5,-478.5,-55.00000000000001,1131.0,-1109.0,-49.50892857142857
48000,440,oo,-1200,synchronous,-0.0016813106311167046,-52.81233378185314,4.76334693450224,3.1320581803988574,-0.7131076255151729,0.9104358564348816,0.22605431079864502,1.4414389928181967e-07,0.018642425537109375,530.0,230.0,76.66666666666666,943.0,73.0,8.390804597701141,2257.0,17.0,0.7589285714285632
48000,440,oo,-1200,spectral,-0.0016942497889447638,-51.70704219402067,11.434443582418357,7.381126489887924,0.7689978737077714,0.6721534595990806,0.18113648891448975,-1.0580238368776109e-07,0.01397705078125,317.0,17.0,5.666666666666664,779.0,-91.0,-10.459770114942524,1188.0,-1052.0,-46.964285714285715
48000,440,oo,1200,legacy,19.562616125746132,-0.03480655812342349,36.57697884773693,26.018155232684485,-1.3792247051259392,0.05699687844116752,0.15958786010742188,1.4916062355041504e-07,0.027917981147766113,135.0,-165.0,-55.00000000000001,662.0,-208.0,-23.908045977011493,3874.0,1634.0,72.94642857142857
48000,440,oo,1200,synchronous,-2.9884755284444776e-05,-52.163562587932226,0.5153447502622273,0.511834203662061,-1.495999476528652,0.04255376901671473,0.1027148962020874,3.4143527348836264e-07,0.011648058891296387,277.0,-23.0,-7.666666666666666,870.0,0.0,0.0,2237.0,-3.0,-0.1339285714285765
48000,440,oo,1200,spectral,-2.9438948825689958e-05,-52.434918162180054,13.65010661053911,9.824764809908853,-5.927795999577301,0.10111219230465687,0.160003662109375,-1.2334850099351672e-09,0.01397705078125,540.0,240.0,80.0,1281.0,411.0,47.241379310344826,3169.0,929.0,41.47321428571429
44100,90,ah,-700,legacy,-98.60879203545808,-7.9679326614695265,13.511625246422238,9.194024572803727,-1.8636193877199136,5.24581516966996,0.1598353385925293,-2.8270938048647465e-06,0.01250147819519043,503.99999999999994,-226.00000000000006,-30.958904109589046,730.0,-360.0,-33.02752293577982,1691.0,-749.0,-30.696721311475407
44100,90,ah,-700,synchronous,-0.0004989211345749679,-53.275675685097646,1.6326536648674885,1.6260300623066932,-0.278919942245182,2.620372465191623,0.1945955753326416,-6.259200884731809e-05,0.022884249687194824,730.0,0.0,0.0,1093.0,3.0,0.2752293577981568,2447.0,7.0,0.2868852459016358
44100,90,ah,-700,spectral,-0.00187049134313368,-48.077530483158604,6.678606928253328,6.335905441052858,-0.3270656724150013,2.54742656357204,0.1608048677444458,-2.508515313278971e-05,0.01873779296875,707.0,-23.0,-3.150684931506853,1046.0,-44.0,-4.036697247706423,2133.0,-307.0,-12.581967213114753
44100,90,ah,-100,legacy,-13.026760866620485,-50.14566877835942,3.5105025119223843,2.590974385872131,-1.5084183498629347,6.376611492992549,0.1598353385925293,-4.273657085133248e-05,0.01765727996826172,704.0,-26.0,-3.561643835616435,1023.0,-67.0,-6.146788990825691,2313.0,-127.0,-5.204918032786887
44100,90,ah,-100,synchronous,0.0005642932570043981,-52.95615240711511,1.8189853858321754,1.8044700846239594,-0.4331543931882637,2.5211308642083003,0.1636347770690918,-1.4297221523293562e-05,0.019243240356445312,727.0,-3.0,-0.4109589041095929,1093.0,3.0,0.2752293577981568,2453.0,13.0,0.532786885245895
44100,90,ah,-100,spectral,0.0008013437007566618,-52.62148802894639,2.173144166256482,2.1203812147473426,-0.5506815531591535,2.311688458963898,0.16317641735076904,1.3463026812287414e-05,0.01873779296875,717.0,-13.0,-1.7808219178082174,1073.0,-17.0,-1.559633027522933,2434.0,-6.0,-0.24590163934425924
44100,90,ah,25,legacy,4.369900482953935,-50.67331365789688,3.2886432290074072,3.1607131415993974,-3.434233543736504,5.408193245330908,0.15948116779327393,1.0220146683788803e-06,0.018961191177368164,770.0,40.0,5.47945205479452,1080.0,-10.0,-0.917431192660545,2470.0,30.0,1.2295081967213184
44100,90,ah,25,synchronous,0.002682931759869001,-53.18415917712926,1.6367976042099763,1.6358097861940666,-0.05107901083020386,2.0209462234116238,0.15884184837341309,-9.669648456645571e-08,0.01866281032562256,731.0,1.0,0.136986301369868,1090.0,0.0,0.0,2443.0,3.0,0.12295081967212962
44100,90,ah,25,spectral,0.0025642808767250202,-53.18651539450308,1.7867124693413683,1.7597669272070895,-0.36836650503442536,1.9341271264091022,0.160003662109375,2.5493920254869525e-05,0.01873779296875,733.0,3.0,0.4109589041095818,1097.0,7.0,0.6422018348623881,2457.0,17.0,0.6967213114754012
44100,90,ah,700,legacy,62.8194294829832,-2.54039871522039,15.577339236027726,6.426571663574244,-1.8542955278248432,4.093461062836053,0.159987211227417,1.9684805621365573e-06,0.027998685836791992,1165.0,435.0,59.58904109589041,1539.0,449.0,41.19266055045871,3539.0,1099.0,45.040983606557376
44100,90,ah,700,synchronous,-0.001955886104566958,-53.25041508455137,1.4685092328267886,1.4586691147541246,-0.5086064313496489,1.3949505199113157,0.13492774963378906,9.944077612140911e-06,0.015586018562316895,727.0,-3.0,-0.4109589041095929,1093.0,3.0,0.2752293577981568,2450.0,10.0,0.4098360655737654
44100,90,ah,700,spectral,-0.002026320706005919,-48.13188590690429,6.774588499121843,5.482186039948982,-3.5636799961184455,1.4898071515984537,0.160003662109375,1.0347645659385444e-05,0.01873779296875,751.9999999999999,21.999999999999886,3.013698630136963,1126.0,36.0,3.3027522935779707,3552.0,1112.0,45.57377049180329
44100,90,ee,-700,legacy,-98.60996827075083,-7.231215947528074,15.955695114634516,4.74133199316995,-2.026007524048425,5.445551012083491,0.15979337692260742,-8.880927178865117e-05,0.005980491638183594,183.0,-87.0,-32.22222222222222,1536.0,-754.0,-32.92576419213974,2034.0,-976.0,-32.42524916943521
44100,90,ee,-700,synchronous,-0.0002581152987429873,-53.169444181103806,0.8446559018056257,0.8268045296405655,-0.40932224848769716,2.219428281611134,0.19585072994232178,0.00012429348015010312,0.010973453521728516,277.0,7.0,2.592592592592591,2290.0,0.0,0.0,3010.0,0.0,0.0
44100,90,ee,-700,spectral,-0.002015301318123098,-47.24532479658852,7.967501775596832,6.224994078291223,-0.24570963367838594,2.518214151288376,0.18163156509399414,2.0812689492131216e-05,0.009119868278503418,262.0,-8.0,-2.9629629629629672,2010.0,-280.0,-12.227074235807855,2737.0,-273.0,-9.069767441860465
44100,90,ee,-100,legacy,-13.026774085726544,-49.994623587436266,4.27364044720948,1.9419547593767859,-1.6466733746421798,7.372029979211314,0.15965867042541504,-6.917731291582795e-05,0.008389711380004883,270.0,0.0,0.0,2157.0,-133.0,-5.8078602620087345,2853.0,-157.0,-5.215946843853825
44100,90,ee,-100,synchronous,0.0006398220108031409,-53.21815005916506,0.7698281524265707,0.7671075213444751,-0.24363148344733768,2.5889171932108503,0.16468596458435059,3.485455264309907e-05,0.009226083755493164,270.0,0.0,0.0,2284.0,-6.0,-0.26200873362445254,3010.0,0.0,0.0
44100,90,ee,-100,spectral,0.0009031638166830116,-52.926707850195626,1.3557967836629323,1.2100363111528483,-0.49000788261703976,2.327828754141195,0.160003662109375,-6.595458933916041e-06,0.009206533432006836,267.0,-3.0,-1.1111111111111072,2257.0,-33.0,-1.4410480349345,2993.0,-17.0,-0.5647840531561421
44100,90,ee,25,legacy,4.360756815013022,-50.290553815468584,3.2594530363725815,2.9500261112787145,-3.8628060533897477,5.988058049035202,0.15955519676208496,1.0924360018648708e-05,0.00904238224029541,306.0,36.0,13.33333333333333,2313.0,23.0,1.0043668122270644,3080.0,70.0,2.3255813953488413
44100,90,ee,25,synchronous,0.0026312667335631882,-53.21233562168401,0.7838333811925956,0.7769511340148637,0.030351530041176283,1.5935589451554366,0.15897858142852783,2.031042462303525e-05,0.008907079696655273,270.0,0.0,0.0,2297.0,7.0,0.30567685589519833,3010.0,0.0,0.0
44100,90,ee,25,spectral,0.0025286307154755924,-53.25051775173537,0.6724469340484563,0.6228500687881008,-0.686138265481398,1.6179912567444057,0.160003662109375,8.096912100021351e-05,0.00897216796875,270.0,0.0,0.0,2300.0,10.0,0.4366812227074135,3020.0,10.0,0.33222591362125353
44100,90,ee,700,legacy,62.81940036607528,-1.9806985164443862,19.501247479282725,6.284503725374411,-2.0333280464167043,4.56523249467308,0.15989995002746582,-5.3119452181676975e-06,0.013319849967956543,486.0,216.0,80.0,3406.0,1116.0,48.73362445414846,4614.0,1604.0,53.28903654485049
44100,90,ee,700,synchronous,-0.0020118389714139377,-53.321920311731304,0.9184021430181406,0.9107049294676378,0.5157752231225543,1.0445851920754126,0.13664376735687256,2.1140195164640834e-05,0.007781863212585449,270.0,0.0,0.0,2280.0,-10.0,-0.4366812227074246,3013.0,3.0,0.09966777408638716
44100,90,ee,700,spectral,-0.0020632603674133635,-47.40743860880212,9.065966887573383,4.612664177327635,-2.399747227554209,1.2099949067784574,0.160003662109375,3.5283287095915435e-05,0.00897216796875,318.0,48.0,17.777777777777782,2474.0,184.0,8.034934497816604,4391.0,1381.0,45.880398671096344
44100,90,oo,-700,legacy,-98.60945743538034,-8.11458939767855,13.884640577928764,8.94292264794553,-1.7818440207326685,5.266184864187831,0.16000115871429443,-8.962699975916948e-05,0.0046634674072265625,217.0,-83.0,-27.66666666666666,601.0,-269.0,-30.919540229885058,3874.0,1634.0,72.94642857142857
44100,90,oo,-700,synchronous,-0.00028668612893341557,-53.26042557342014,4.365051838818868,4.320030033108325,-0.39036078489978565,2.1849682428572703,0.19585227966308594,4.689682187767346e-05,0.0085676908493042,307.0,7.0,2.333333333333343,883.0,13.0,1.4942528735632177,2273.0,33.0,1.473214285714275
44100,90,oo,-700,spectral,-0.0019063542079974158,-48.32379026229491,7.876651526789957,7.76793232469128,-0.1766428404680766,2.6046251295912377,0.1992499828338623,-1.4462929644191797e-05,0.009207367897033691,297.0,-3.0,-1.0000000000000009,841.0,-29.0,-3.3333333333333326,2816.0,576.0,25.71428571428571
44100,90,oo,-100,legacy,-13.026762761658317,-50.200379344079025,5.963598452085474,5.73103259069428,-1.4535474950409992,6.334889359634536,0.15997982025146484,-5.436864028982565e-05,0.006588339805603027,297.0,-3.0,-1.0000000000000009,833.0,-37.0,-4.252873563218396,2153.0,-87.0,-3.8839285714285743
44100,90,oo,-100,synchronous,0.0006049067800114711,-53.30680642282013,4.6952138315773,4.65700699392596,-0.2621007826477707,2.5184367722278873,0.16469144821166992,5.544538490716382e-06,0.007204532623291016,293.0,-7.0,-2.3333333333333317,886.0,16.0,1.839080459770126,2268.0,28.0,1.2499999999999956
44100,90,oo,-100,spectral,0.000896278741934011,-53.028144540228425,4.367009919353682,4.353574813016126,-0.4954966069871087,2.428314724174401,0.1617974042892456,1.3853871993557216e-05,0.006988525390625,296.0,-4.0,-1.3333333333333308,869.0,-1.0,-0.11494252873562871,2261.0,21.0,0.9374999999999911
44100,90,oo,25,legacy,4.360369546619425,-50.842169759322104,5.196588938658943,4.973511139904553,-3.3043654598587646,4.82968556665481,0.15985047817230225,9.963040268970815e-06,0.007074832916259766,330.0,30.0,10.000000000000009,896.0,26.0,2.9885057471264354,2300.0,60.0,2.678571428571419
44100,90,oo,25,synchronous,0.0026366451767393224,-53.23265598334558,3.5209253116154158,3.478710109368357,0.024723320452838725,1.57987486363703,0.15899837017059326,4.4780149661674704e-05,0.006958723068237305,303.0,3.0,1.0000000000000009,879.0,9.0,1.0344827586206806,2271.0,31.0,1.383928571428572
44100,90,oo,25,spectral,0.002535822032523768,-53.23755491680431,4.302573403602395,4.231589330030517,-0.6977356251925366,1.5914917291083857,0.160003662109375,3.088519866954893e-05,0.006988525390625,303.0,3.0,1.0000000000000009,877.0,7.0,0.8045977011494232,2286.0,46.0,2.0535714285714324
44100,90,oo,700,legacy,62.8193877769776,-2.901333441468892,14.44906619712583,6.403907525223996,-1.7930151484665193,4.176852063470298,0.1599729061126709,-4.871812447038277e-06,0.010440707206726074,540.0,240.0,80.0,1325.0,455.0,52.29885057471264,3363.0,1123.0,50.13392857142858
44100,90,oo,700,synchronous,-0.001995381225499764,-53.343271931599816,5.381009741346063,5.3660563474400025,0.35606312358607456,1.2280855756358935,0.13416743278503418,3.858880391196599e-05,0.006164073944091797,307.0,7.0,2.333333333333343,876.0,6.0,0.6896551724137945,2261.0,21.0,0.9374999999999911
44100,90,oo,700,spectral,-0.002065356442605807,-47.74582319495497,6.919055657935692,5.027914625469053,-2.1666355917672946,1.3326338351121048,0.160003662109375,2.5766961789005016e-05,0.006988525390625,333.0,33.0,11.00000000000001,885.0,15.0,1.724137931034475,3283.0,1043.0,46.56249999999999
44100,220,ah,-700,legacy,76.69803722900103,-12.774695849055407,12.376458328183624,4.54375293707964,-0.8772807789647121,1.652933077598742,0.15980792045593262,0.0001038696985756549,0.01299440860748291,483.99999999999994,-246.00000000000006,-33.69863013698631,733.0,-357.0,-32.75229357798165,1638.0,-802.0,-32.868852459016395
44100,220,ah,-700,synchronous,0.0013751931609404689,-52.81145661274286,3.1066751260877896,3.060054610855899,-0.6263186243293002,0.5649167026691427,0.18912458419799805,3.734262081500895e-05,0.0235748291015625,701.0,-29.0,-3.9726027397260277,1109.0,19.0,1.7431192660550376,2437.0,-3.0,-0.12295081967212962
44100,220,ah,-700,spectral,0.0014101880395832325,-49.61059352049268,9.081712790779815,5.420788847236016,1.1846457577469176,0.30935732723938475,0.17343342304229736,5.996861605597371e-05,0.01947021484375,681.0,-49.0,-6.712328767123288,980.0,-110.0,-10.09174311926605,1678.0,-762.0,-31.229508196721312
44100,220,ah,-100,legacy,11.111867906683369,-51.19181606272082,3.5960511605404264,2.1206122120303528,-0.7406964009227462,2.2964615305914737,0.15999484062194824,6.194166045069965e-06,0.018370509147644043,677.0,-53.0,-7.260273972602738,1037.0,-53.0,-4.8623853211009145,2313.0,-127.0,-5.204918032786887
44100,220,ah,-100,synchronous,0.0011356835798996881,-52.582491845735305,3.191598390816531,2.9864472707084078,-0.5031377041839411,0.4543883363753157,0.15904736518859863,-8.331742686749585e-06,0.01981663703918457,700.0,-30.0,-4.109589041095896,1073.0,-17.0,-1.559633027522933,2497.0,57.0,2.336065573770485
44100,220,ah,-100,spectral,0.0011311690963931105,-53.00273121647341,2.414312936297738,1.4340696877913863,-0.19612862717789156,0.40127171670496814,0.1601651906967163,1.076841029991098e-05,0.01947021484375,708.0,-22.0,-3.013698630136985,1070.0,-20.0,-1.834862385321101,2341.0,-99.0,-4.057377049180333
44100,220,ah,25,legacy,-4.335937924216521,-51.88744847260382,3.172398648118387,3.025729152808026,-1.4802498873750778,1.66794967608372,0.1597144603729248,-1.6604160055101414e-05,0.01971912384033203,717.0,-13.0,-1.7808219178082174,1117.0,27.0,2.477064220183478,2506.0,66.0,2.704918032786896
44100,220,ah,25,synchronous,0.0010886617748640814,-52.717040447217556,2.5046558683627747,2.4909952864638054,-0.005414083130004152,0.6800302270534551,0.159737229347229,-4.4808924783834975e-05,0.019515275955200195,737.0,7.0,0.9589041095890316,1097.0,7.0,0.6422018348623881,2440.0,0.0,0.0
44100,220,ah,25,spectral,0.0010718338772575647,-53.154652297130156,0.8145080598779613,0.7998785882342655,-0.6752878702684856,0.6859181794439555,0.160003662109375,-5.863876119312335e-06,0.01947021484375,734.0,4.0,0.5479452054794498,1093.0,3.0,0.2752293577981568,2443.0,3.0,0.12295081967212962
44100,220,ah,700,legacy,-53.149982992553916,-7.707243796191937,15.298832793698075,5.731498702391255,-0.8830914417611855,1.536157669147773,0.1597914695739746,3.1711337968245296e-06,0.029105663299560547,951.9999999999999,221.9999999999999,30.410958904109563,1656.0,566.0,51.926605504587165,3786.0,1346.0,55.16393442622951
44100,220,ah,700,synchronous,-0.0008762051154344913,-52.81299432954769,2.2335413646173987,2.184753997583464,-0.18557021487790845,0.3784728310146781,0.12476015090942383,2.870966968262457e-05,0.015505194664001465,734.0,4.0,0.5479452054794498,1070.0,-20.0,-1.834862385321101,2430.0,-10.0,-0.4098360655737654
44100,220,ah,700,spectral,-0.000889917604912814,-49.87182666786099,8.06396178894699,4.567741307644434,-3.7707805333435642,0.4039845866220893,0.160003662109375,3.367896703545649e-05,0.01947021484375,815.9999999999999,85.99999999999989,11.780821917808204,1156.0,66.0,6.055045871559628,3509.0,1069.0,43.81147540983608
44100,220,ee,-700,legacy,76.6981955685528,-5.872657405568066,16.162166343019923,2.2675450417279723,-2.525889264786575,5.081492490517718,0.15998923778533936,-1.564551192706765e-05,0.005295753479003906,186.0,-84.0,-31.11111111111111,1520.0,-770.0,-33.624454148471614,2004.0,-1006.0,-33.42192691029901
44100,220,ee,-700,synchronous,0.0014166434258952075,-53.11511007181282,1.3759424665662792,1.2083825695516337,-1.1659236845719914,0.4431392358768404,0.19578313827514648,-2.0862067187273944e-05,0.009759068489074707,257.0,-13.0,-4.814814814814817,2267.0,-23.0,-1.0043668122270755,3030.0,20.0,0.6644518272425293
44100,220,ee,-700,spectral,0.0014141349904602252,-46.779244889525266,9.479025078845085,4.353272185668381,-0.24475319458779188,0.25739466924995963,0.1701343059539795,0.000156434922171468,0.007965087890625,200.0,-70.0,-25.92592592592593,1977.0,-313.0,-13.668122270742355,2410.0,-600.0,-19.933554817275745
44100,220,ee,-100,legacy,11.111867941763728,-49.27710191851517,4.067520210993092,1.5543531706846059,-2.028027742439545,9.17481863580001,0.15989160537719727,-3.100463322230748e-05,0.007490992546081543,273.0,3.0,1.1111111111111072,2144.0,-146.0,-6.375545851528386,2826.0,-184.0,-6.112956810631232
44100,220,ee,-100,synchronous,0.0011199888231553318,-52.9844060133232,1.7256543330804535,1.3052584651110795,-0.2662525625311338,0.3736100053501163,0.16467392444610596,-1.7907798785831743e-05,0.008205771446228027,260.0,-10.0,-3.703703703703709,2347.0,57.0,2.48908296943231,3030.0,20.0,0.6644518272425293
44100,220,ee,-100,spectral,0.0011299337199865594,-52.23134391055532,2.5891869786235886,1.3332926052108074,-0.34897480685949656,0.33352455706625544,0.1629471778869629,-0.00012121298325755608,0.007965087890625,257.0,-13.0,-4.814814814814817,2197.0,-93.0,-4.061135371179036,2920.0,-90.0,-2.9900332225913595
44100,220,ee,25,legacy,-4.335935342415301,-48.998594416510414,2.8239001544851234,2.643942322718923,-5.145048820707156,7.793805703637796,0.15955448150634766,0.00018799792882266228,0.008028030395507812,310.0,40.0,14.814814814814813,2294.0,4.0,0.17467248908296096,3023.0,13.0,0.4318936877076407
44100,220,ee,25,synchronous,0.0010864496775028357,-53.33593367822089,1.1297583498862473,0.9204507398079727,0.050565542826722175,0.30087016428545155,0.1589648723602295,-2.2315641109094597e-05,0.007952332496643066,270.0,0.0,0.0,2313.0,23.0,1.0043668122270644,3033.0,23.0,0.7641196013288942
44100,220,ee,25,spectral,0.0010744817467253595,-53.61974238384056,0.8099747510172018,0.3617553215107356,-0.7199666864828937,0.29624975617773885,0.160003662109375,6.675271490533876e-05,0.007965087890625,273.0,3.0,1.1111111111111072,2310.0,20.0,0.8733624454148492,3040.0,30.0,0.9966777408637828
44100,220,ee,700,legacy,-53.149981361369626,-0.3793498817830294,19.698175529219764,5.549167865497386,-2.5136210641654917,4.955672887584487,0.15998101234436035,-1.7866440460885553e-05,0.01185595989227295,486.0,216.0,80.0,3363.0,1073.0,46.855895196506545,4381.0,1371.0,45.54817275747509
44100,220,ee,700,synchronous,-0.0008923164293618499,-53.16637898993642,2.0611160713936987,1.0497394578998622,-3.5601695471939703,0.1760904791032925,0.10497546195983887,4.7181126572197345e-05,0.007728457450866699,266.0,-4.0,-1.4814814814814836,2220.0,-70.0,-3.056768558951961,3050.0,40.0,1.3289036544850585
44100,220,ee,700,spectral,-0.0008867671914508834,-46.22455483431571,9.81092110501587,4.618708241311606,-1.518595949167558,0.2013014135845067,0.160003662109375,-9.386723274006054e-05,0.007965087890625,355.0,85.0,31.481481481481488,2720.0,430.0,18.777292576419224,4444.0,1434.0,47.64119601328905
44100,220,oo,-700,legacy,76.69822542615559,-6.568055585821488,12.33089330712608,8.475529578164336,-2.2960896844137118,4.638014261934611,0.159898042678833,-4.6626542070465206e-05,0.006436586380004883,210.0,-90.0,-30.000000000000004,582.0,-288.0,-33.10344827586207,1508.0,-732.0,-32.67857142857142
44100,220,oo,-700,synchronous,0.0014261329263861354,-53.04763515819968,3.8660580381073433,3.708826667988091,-1.028660073059861,0.5509029261376246,0.19585251808166504,8.848654169614624e-06,0.011817693710327148,343.0,43.0,14.333333333333332,903.0,33.0,3.7931034482758585,2253.0,13.0,0.5803571428571352
44100,220,oo,-700,spectral,0.001414534763922503,-46.10045660957201,9.091189492481133,6.105487136634428,0.22582027825837198,0.45553466398920817,0.19902098178863525,0.00018786314032966228,0.010345816612243652,223.0,-77.0,-25.66666666666667,793.0,-77.0,-8.850574712643677,1523.0,-717.0,-32.00892857142858
44100,220,oo,-100,legacy,11.111868677505544,-49.57671968801523,6.200845607183554,5.512213673193055,-1.8558606899786458,7.646352367950122,0.15991079807281494,-3.3107613940538104e-05,0.009096384048461914,303.0,3.0,1.0000000000000009,810.0,-60.0,-6.896551724137934,2093.0,-147.0,-6.562500000000004
44100,220,oo,-100,synchronous,0.0012104884776314032,-52.91661907521448,3.1409932292035374,3.0715737707255633,-0.26946737341195426,0.47151106909075396,0.16469049453735352,-6.508450118862852e-05,0.009891748428344727,293.0,-7.0,-2.3333333333333317,897.0,27.0,3.103448275862064,2250.0,10.0,0.44642857142858094
44100,220,oo,-100,spectral,0.0011302753609716539,-52.24231555827296,4.138180281033934,3.586912073741259,-0.40995283623982304,0.4504795875038782,0.16247642040252686,-8.257983853577305e-05,0.0096435546875,287.0,-13.0,-4.333333333333334,850.0,-20.0,-2.298850574712641,2130.0,-110.0,-4.91071428571429
44100,220,oo,25,legacy,-4.335935705101304,-49.77090849153033,3.1726636246932114,2.981127094579701,-4.516036773565426,6.360795454506093,0.15977692604064941,0.00014453618614761917,0.009770750999450684,342.0,42.0,13.99999999999999,849.0,-21.0,-2.4137931034482807,2255.0,15.0,0.6696428571428603
44100,220,oo,25,synchronous,0.0010498554209707525,-53.25475448201871,3.8055379291165696,3.7471391692878977,0.04314857021752955,0.6343335297436463,0.15900719165802002,-2.972198902254112e-05,0.009657025337219238,307.0,7.0,2.333333333333343,867.0,-3.0,-0.34482758620689724,2283.0,43.0,1.9196428571428559
44100,220,oo,25,spectral,0.0010748502165298466,-53.604866295521504,1.0996678761314147,1.0282851167889584,-0.7102356372176793,0.6416543871397358,0.160003662109375,5.271858729292566e-05,0.0096435546875,303.0,3.0,1.0000000000000009,873.0,3.0,0.34482758620688614,2264.0,24.0,1.0714285714285676
44100,220,oo,700,legacy,-53.149981857703644,-1.1130460223691343,13.619171123260662,5.612053094226912,-2.286187252494783,4.289123386984654,0.1599106788635254,-2.359182025479802e-05,0.014427900314331055,540.0,240.0,80.0,1178.0,308.0,35.40229885057471,3316.0,1076.0,48.03571428571429
44100,220,oo,700,synchronous,-0.0008908768700632366,-53.04717716838124,2.6246733437415046,1.544886392324536,-3.1366038664919578,0.32110966282020703,0.11038601398468018,5.059077806393486e-05,0.007949471473693848,403.0,103.0,34.33333333333333,930.0,60.0,6.896551724137923,2240.0,0.0,0.0
44100,220,oo,700,spectral,-0.000886569912493062,-46.32506132406753,8.688228154572359,4.4779439026073495,-0.6589850393862274,0.287728944145363,0.160003662109375,-8.917170226889312e-05,0.0096435546875,360.0,60.0,19.999999999999996,1141.0,271.0,31.149425287356316,3416.0,1176.0,52.49999999999999
44100,660,ah,-700,legacy,13.02177621947849,-16.748731869471026,12.204186144262621,1.623397381760628,-0.849477334361939,1.346977912920323,0.15993809700012207,0.00014133767386052254,0.012241959571838379,404.99999999999994,-325.00000000000006,-44.52054794520549,714.0,-376.0,-34.4954128440367,1668.0,-772.0,-31.639344262295076
44100,660,ah,-700,synchronous,0.0005985101467480978,-52.820448557935194,7.365800117033732,6.245455441512842,-1.2609248418793708,0.27695375992334387,0.1958479881286621,-4.1190400235326743e-05,0.020624399185180664,627.0,-103.0,-14.109589041095894,1073.0,-17.0,-1.559633027522933,2850.0,410.0,16.803278688524582
44100,660,ah,-700,spectral,0.0006210111602221104,-53.1994389748683,10.640788546574692,2.2436177764360297,-0.2794844176534841,0.17031887876528676,0.17713439464569092,-0.00010424995638615961,0.018341064453125,447.0,-283.0,-38.76712328767123,1023.0,-67.0,-6.146788990825691,1780.0,-660.0,-27.04918032786885
44100,660,ah,-100,legacy,1.768742924862427,-50.67313360613621,3.7444206064629095,1.4895053179390927,-0.7109351652745388,1.8773203847989237,0.15978670120239258,2.0129069719725456e-05,0.017284393310546875,664.0,-66.0,-9.041095890410954,1029.0,-61.0,-5.596330275229356,2363.0,-77.0,-3.155737704918038
44100,660,ah,-100,synchronous,-7.158089486657391e-05,-52.736234690130686,8.097256280835081,3.220833842303651,-0.29350225589698664,0.08513659648254525,0.16469013690948486,7.709648153228644e-05,0.01710689067840576,644.9999999999999,-85.00000000000011,-11.64383561643837,1459.0,369.0,33.85321100917431,3396.0,956.0,39.18032786885246
44100,660,ah,-100,spectral,-0.00011129991021434569,-53.41633799160383,2.9714056341784656,0.7827680158148642,-0.7189691234287597,0.07799210176382843,0.160003662109375,1.1154304195874042e-05,0.018341064453125,554.0,-176.0,-24.10958904109589,1084.0,-6.0,-0.5504587155963248,2324.0,-116.0,-4.754098360655734
44100,660,ah,25,legacy,-0.5951587816176824,-52.17132622551414,3.259691857564722,2.134882964675178,-1.425531631044847,1.4505714636319678,0.1597437858581543,-6.565597142041495e-05,0.018579959869384766,671.9999999999999,-58.000000000000114,-7.945205479452067,1146.0,56.0,5.137614678899083,2789.0,349.0,14.303278688524589
44100,660,ah,25,synchronous,0.00028906975982208256,-52.631579160666774,5.025672884577777,4.497803081132617,0.04881986872617503,0.09544120996813286,0.15963029861450195,-7.677704478787908e-06,0.018717408180236816,362.0,-368.0,-50.410958904109584,957.0,-133.0,-12.201834862385319,2433.0,-7.0,-0.2868852459016358
44100,660,ah,25,spectral,0.00031861162200247595,-53.04636935888767,0.6597514359512402,0.1991289897016271,-0.3340006648522702,0.08904358055090003,0.160003662109375,-1.0257238523579868e-05,0.018341064453125,727.0,-3.0,-0.4109589041095929,1123.0,33.0,3.027522935779814,2473.0,33.0,1.352459016393448
44100,660,ah,700,legacy,-8.745573181531196,-15.5232651158302,13.37259089656316,2.5342378231291174,-0.8517129041149765,1.2255184522429063,0.15996813774108887,5.289126055220808e-05,0.027425408363342285,753.9999999999999,23.999999999999886,3.287671232876699,1224.0,134.0,12.293577981651381,3836.0,1396.0,57.213114754098356
44100,660,ah,700,synchronous,0.00015239450475493338,-52.14002425714937,5.433731382551824,3.748040061876625,-4.038094461991242,0.06831331042008092,0.0993415117263794,-2.6692820604516086e-05,0.014431595802307129,988.9999999999999,258.9999999999999,35.4794520547945,1469.0,379.0,34.77064220183485,2759.0,319.0,13.073770491803272
44100,660,ah,700,spectral,0.00016399820773487647,-52.90808100628371,8.756416243227257,2.150823391723217,-2.6454351211006957,0.08916244188090484,0.160003662109375,5.067687816720791e-05,0.018341064453125,986.9999999999999,256.9999999999999,35.20547945205479,1678.0,588.0,53.94495412844036,3669.0,1229.0,50.36885245901639
44100,660,ee,-700,legacy,13.0217762151588,-13.670496539435245,15.009269297996074,1.2308794723282677,-1.0454210947180793,1.6654590803360705,0.15983664989471436,-6.140689010072277e-05,0.01710832118988037,249.0,-21.0,-7.777777777777772,1583.0,-707.0,-30.87336244541484,2040.0,-970.0,-32.22591362126246
44100,660,ee,-700,synchronous,0.0006200670982123914,-50.67785660628254,5.322971338536349,4.615625569400483,-1.5286240612876545,0.22982123117434572,0.19573533535003662,-4.702060401034193e-05,0.03130042552947998,121.5,-148.5,-55.00000000000001,2373.0,83.0,3.624454148471612,2950.0,-60.0,-1.9933554817275767
44100,660,ee,-700,spectral,0.0006248041074559016,-52.95613742939284,9.221351631175626,3.743496065951438,-0.08710364776516766,0.18357199836434884,0.2141197919845581,6.77588395070417e-05,0.03337740898132324,121.5,-148.5,-55.00000000000001,1866.0,-424.0,-18.515283842794762,2440.0,-570.0,-18.93687707641196
44100,660,ee,-100,legacy,1.768742092149493,-49.30204622478605,2.8994850010993116,1.1065058122814762,-0.871941601008589,2.391224145471082,0.15982365608215332,-2.2178244068148636e-05,0.024169445037841797,399.0,129.0,47.777777777777786,2240.0,-50.0,-2.183406113537123,2883.0,-127.0,-4.219269102990031
44100,660,ee,-100,synchronous,-0.00011271834393133721,-50.80152032079493,9.079053771468297,8.823589890710629,-0.42995722266468334,0.09363472010819675,0.16467821598052979,3.89269375026181e-05,0.026264667510986328,443.0,173.0,64.07407407407408,2227.0,-63.0,-2.751091703056774,2960.0,-50.0,-1.661129568106312
44100,660,ee,-100,spectral,-0.00011104115342188408,-53.3631693790461,2.7063983445113724,0.5922758421564163,-0.7019734627041613,0.09761124341832839,0.16093623638153076,-3.7040470769165686e-05,0.02650272846221924,121.5,-148.5,-55.00000000000001,2193.0,-97.0,-4.235807860262009,2886.0,-124.0,-4.119601328903655
44100,660,ee,25,legacy,-0.5951587368689489,-50.36015498009516,3.4262885607170337,1.6205683045174164,-1.7712631861695118,1.764185004958523,0.15954554080963135,-1.4851603288138714e-07,0.025891661643981934,486.0,216.0,80.0,2467.0,177.0,7.729257641921405,3140.0,130.0,4.318936877076407
44100,660,ee,25,synchronous,0.0003203851318714673,-50.9902097666569,1.9159481650586532,1.8525219985880728,0.03485300286189696,0.1391729723675989,0.1590055227279663,2.1651398477821033e-06,0.026284098625183105,313.0,43.0,15.92592592592592,2310.0,20.0,0.8733624454148492,3037.0,27.0,0.8970099667774178
44100,660,ee,25,spectral,0.00031849094036309994,-53.10874441493388,0.6207706452547908,0.15231899369417953,-0.4029286544458579,0.12768133424748643,0.160003662109375,4.092268842868704e-05,0.025634765625,336.0,66.0,24.444444444444446,2313.0,23.0,1.0043668122270644,3043.0,33.0,1.09634551495017
44100,660,ee,700,legacy,-8.745573273793486,-9.568178883950244,22.792683223979942,3.932696426331829,-1.0477395885157874,1.52400362854098,0.15986204147338867,-6.097564171050772e-06,0.038115620613098145,486.0,216.0,80.0,3746.0,1456.0,63.580786026200876,4677.0,1667.0,55.382059800664464
44100,660,ee,700,synchronous,0.0001642752363166868,-48.67063493780776,3.1313441701410136,1.4212184271843749,-4.718239874393724,0.15007692003724665,0.12073278427124023,-2.2090900511968705e-05,0.026432514190673828,486.0,216.0,80.0,2190.0,-100.0,-4.366812227074234,3086.0,76.0,2.5249169435215935
44100,660,ee,700,spectral,0.00016373832927180478,-52.75681470736088,11.017883697684345,3.5600310177305006,-0.9833535206037838,0.11186966733670019,0.160003662109375,-2.3630745737100316e-05,0.025634765625,486.0,216.0,80.0,2473.0,183.0,7.991266375545858,3680.0,670.0,22.259136212624586
44100,660,oo,-700,legacy,13.02177621356896,-17.063906374621595,9.646253361168418,4.1759665884524,-0.8391054091975063,1.3282525521575033,0.15994799137115479,-0.00011083626963384027,0.010958671569824219,152.0,-148.0,-49.33333333333333,549.0,-321.0,-36.89655172413793,1538.0,-702.0,-31.339285714285715
44100,660,oo,-700,synchronous,0.0006289176596400247,-53.13696281208096,8.471577139577775,7.165879520616954,-1.1996837475834892,0.2916617571012197,0.19585072994232178,-6.1171539606511e-05,0.0185624361038208,135.0,-165.0,-55.00000000000001,973.0,103.0,11.839080459770113,2383.0,143.0,6.3839285714285765
44100,660,oo,-700,spectral,0.0006265329334561897,-53.10152666107743,8.670389050850797,3.811283583328473,-0.12336978992749935,0.15876883489649918,0.16648614406585693,0.00015422172016567654,0.01641845703125,440.0,140.0,46.66666666666666,1113.0,243.0,27.93103448275862,1853.0,-387.0,-17.276785714285715
44100,660,oo,-100,legacy,1.7687430543331597,-50.681827538094986,2.538516757239391,1.745146250393022,-0.6997605922564991,1.8759605028429993,0.1599515676498413,-2.3957490019967675e-05,0.0154801607131958,434.0,134.0,44.66666666666668,834.0,-36.0,-4.137931034482756,2190.0,-50.0,-2.2321428571428603
44100,660,oo,-100,synchronous,-0.00011260707284041754,-53.415691499533004,7.761034097951151,4.5863349386983305,-0.2765241551855702,0.0661226026960683,0.16469085216522217,6.210765240323967e-05,0.015287995338439941,540.0,240.0,80.0,1088.0,218.0,25.057471264367813,3486.0,1246.0,55.62499999999999
44100,660,oo,-100,spectral,-0.00011093388962567964,-53.4122755923792,2.195581367657776,1.2495580453625523,-0.698671387069958,0.05120210115689565,0.160003662109375,-5.68703954542395e-05,0.01641845703125,353.0,53.0,17.666666666666675,870.0,0.0,0.0,2120.0,-120.0,-5.35714285714286
44100,660,oo,25,legacy,-0.595158841563377,-52.188611533577856,2.9862664985263945,1.64828868812669,-1.4018407424817845,1.408439303384198,0.1596904993057251,1.726109064265083e-05,0.01662278175354004,322.0,22.0,7.333333333333325,820.0,-50.0,-5.747126436781613,2400.0,160.0,7.14285714285714
44100,660,oo,25,synchronous,0.00032198270061818934,-52.8117836708774,6.361603634905812,6.167603735922843,0.047278547442133154,0.07522746096564158,0.1590123176574707,1.2654877033363395e-05,0.0167616605758667,135.0,-165.0,-55.00000000000001,873.0,3.0,0.34482758620688614,2300.0,60.0,2.678571428571419
44100,660,oo,25,spectral,0.0003184439499490449,-53.04451068588703,0.6824620495519806,0.4916648386568477,-0.3403571112943341,0.07648247534009059,0.160003662109375,5.104574666992787e-05,0.01641845703125,304.0,4.0,1.333333333333342,870.0,0.0,0.0,2270.0,30.0,1.3392857142857206
44100,660,oo,700,legacy,-8.745573260940516,-16.48068808096395,12.656505994628374,2.4519336705762873,-0.8396450374179981,1.2141142438691126,0.15996813774108887,-2.69531032305636e-05,0.024550437927246094,135.0,-165.0,-55.00000000000001,1091.0,221.0,25.402298850574724,3713.0,1473.0,65.75892857142858
44100,660,oo,700,synchronous,0.0001632174587064596,-52.608143350996805,4.893216390198766,4.49525541733956,-3.6811232944154044,0.06967100442506162,0.10467696189880371,-3.232168412442831e-05,0.014525175094604492,540.0,240.0,80.0,1073.0,203.0,23.33333333333334,2237.0,-3.0,-0.1339285714285765
44100,660,oo,700,spectral,0.00016453149862404701,-52.72565848936527,8.069583534062538,1.7813723875005385,-2.9312493655618397,0.08613538498437512,0.160003662109375,-3.421054315314722e-05,0.01641845703125,540.0,240.0,80.0,1138.0,268.0,30.804597701149426,3436.0,1196.0,53.39285714285715
96000,90,ah,-700,legacy,-98.60602797275959,-7.92476076279441,13.316672811599938,6.912774090430083,-1.855739403264184,5.346408302286928,0.15992772579193115,-7.0715405874782136e-06,0.005743741989135742,500.99999999999994,-229.00000000000006,-31.36986301369864,720.0,-370.0,-33.944954128440365,1648.0,-792.0,-32.45901639344262
96000,90,ah,-700,synchronous,0.0017155094927487607,-53.08586360414381,1.2654035804746908,1.2654035804746915,-0.27125070455319716,2.6302702353314693,0.19463574886322021,-6.314103802045187e-05,0.010511398315429688,730.0,0.0,0.0,1090.0,0.0,0.0,2440.0,0.0,0.0
96000,90,ah,-700,spectral,0.0009796451356744937,-48.672519665716514,10.358682453356877,8.314544474012694,-0.24153508082250097,2.4854247103410283,0.16127264499664307,1.4303908165958192e-05,0.00860595703125,698.0,-32.0,-4.383561643835621,993.0,-97.0,-8.899082568807337,1865.0,-575.0,-23.5655737704918
96000,90,ah,-100,legacy,-13.035566648231587,-50.315727924411235,3.6307032450909733,2.471877295181638,-1.4996332977629059,6.38149063285666,0.15998363494873047,-3.76620019475619e-05,0.008122920989990234,704.0,-26.0,-3.561643835616435,1017.0,-73.0,-6.697247706422016,2295.0,-145.0,-5.9426229508196755
96000,90,ah,-100,synchronous,-0.0008694670752152525,-53.08397382434833,0.8504352299983298,0.8415550853208541,-0.42567449971210264,2.51757712566685,0.16366910934448242,-1.4997863521178564e-05,0.008839845657348633,724.0,-6.0,-0.8219178082191747,1090.0,0.0,0.0,2443.0,3.0,0.12295081967212962
96000,90,ah,-100,spectral,-0.000871604324225619,-53.2710988567316,2.8174986781576803,2.6486998750098922,-0.5664317331869648,2.39348966859999,0.16297733783721924,1.703396232591735e-05,0.00860595703125,714.0,-16.0,-2.1917808219178103,1066.0,-24.0,-2.2018348623853212,2395.0,-45.0,-1.8442622950819665
96000,90,ah,25,legacy,4.359355772199855,-50.732994789257255,3.0469740976917588,2.936268320310678,-3.427107085772697,5.419231843506212,0.15970993041992188,9.405178328355153e-07,0.008719086647033691,767.0,37.0,5.068493150684938,1080.0,-10.0,-0.917431192660545,2457.0,17.0,0.6967213114754012
96000,90,ah,25,synchronous,0.004050321983349379,-53.03722236881762,0.92892818712166,0.9240362758868952,-0.04334271910485444,2.0171843589313525,0.15891098976135254,-2.892646524641249e-07,0.008573055267333984,730.0,0.0,0.0,1090.0,0.0,0.0,2433.0,-7.0,-0.2868852459016358
96000,90,ah,25,spectral,0.003954386511257332,-53.19863773665769,1.2126360966536511,1.205483366093077,-0.40768152067550495,1.9506875059330122,0.160003662109375,2.4803667846653196e-05,0.00860595703125,734.0,4.0,0.5479452054794498,1090.0,0.0,0.0,2446.0,6.0,0.24590163934425924
96000,90,ah,700,legacy,62.818883180374456,-2.5563262392059167,15.717709562611399,6.558770109900174,-1.8467607124016983,4.011770741443667,0.15990006923675537,1.8101537393199072e-06,0.012890219688415527,1159.0,429.0,58.76712328767124,1529.0,439.0,40.27522935779817,3542.0,1102.0,45.1639344262295
96000,90,ah,700,synchronous,0.0026415371694347937,-52.939616975392426,0.9633016958278788,0.9593716619788669,-0.5019318354489076,1.39821206388575,0.13522231578826904,9.782386736737356e-06,0.007181406021118164,727.0,-3.0,-0.4109589041095929,1090.0,0.0,0.0,2437.0,-3.0,-0.12295081967212962
96000,90,ah,700,spectral,0.0023906706373678765,-48.597645646897156,6.887030423542472,5.318558630518658,-3.515520253141503,1.4563098643147057,0.160003662109375,7.249996480014589e-06,0.00860595703125,748.9999999999999,18.999999999999886,2.602739726027381,1129.0,39.0,3.5779816513761498,3559.0,1119.0,45.860655737704924
96000,90,ee,-700,legacy,-98.60731406435244,-6.917785681888258,16.314253709137326,3.475474466101253,-2.0253961822053697,5.510625397466127,0.15994179248809814,-8.805869768063228e-05,0.0027298927307128906,183.0,-87.0,-32.22222222222222,1533.0,-757.0,-33.056768558951966,2020.0,-990.0,-32.89036544850499
96000,90,ee,-700,synchronous,0.001951346142630555,-52.98626412698954,0.6216981983236143,0.5969124540529085,-0.4086479775258337,2.220396818234027,0.1958526372909546,0.0001233118896683057,0.005003452301025391,277.0,7.0,2.592592592592591,2293.0,3.0,0.13100436681223737,3013.0,3.0,0.09966777408638716
96000,90,ee,-700,spectral,0.0010028055558325812,-46.5684928280176,9.488925264963678,6.133250160187668,-0.2190578958841939,2.3216764659543307,0.17394065856933594,-2.401628014114168e-05,0.00408935546875,257.0,-13.0,-4.814814814814817,1967.0,-323.0,-14.10480349344978,2457.0,-553.0,-18.372093023255808
96000,90,ee,-100,legacy,-13.035576809552648,-49.474981002807795,4.200937514148228,1.7760482841434357,-1.645199281325124,7.351826107929391,0.15993928909301758,-6.449965760111808e-05,0.0038597583770751953,270.0,0.0,0.0,2157.0,-133.0,-5.8078602620087345,2853.0,-157.0,-5.215946843853825
96000,90,ee,-100,synchronous,-0.0007016764865537916,-52.85538922953148,0.5247514764328671,0.5243724540470697,-0.24239558736785838,2.589209873429821,0.1646890640258789,3.456879614128007e-05,0.0042073726654052734,270.0,0.0,0.0,2287.0,-3.0,-0.13100436681222627,3010.0,0.0,0.0
96000,90,ee,-100,spectral,-0.0009112393519319142,-52.46727587304352,1.4734892250632863,1.2327284429153815,-0.4697983011409267,2.453079857507878,0.160003662109375,-1.3611589868863424e-05,0.004223465919494629,267.0,-3.0,-1.1111111111111072,2253.0,-37.0,-1.6157205240174721,2980.0,-30.0,-0.9966777408637828
96000,90,ee,25,legacy,4.359338416551388,-50.15640877430319,3.149158022763124,2.807519691403585,-3.8625289959389213,6.018404137421348,0.15979278087615967,1.1731112996737162e-05,0.004144072532653809,306.0,36.0,13.33333333333333,2313.0,23.0,1.0043668122270644,3080.0,70.0,2.3255813953488413
96000,90,ee,25,synchronous,0.004039646434294613,-53.06643897445759,0.5249773109203552,0.5051695301113884,0.03170278194407959,1.594431445294776,0.15897822380065918,2.0338431414630678e-05,0.004061698913574219,270.0,0.0,0.0,2297.0,7.0,0.30567685589519833,3013.0,3.0,0.09966777408638716
96000,90,ee,25,spectral,0.0039310906740032845,-53.23114328475196,0.5834163182594464,0.46095715991067293,-0.6576709677183669,1.6166579643358758,0.160003662109375,7.930641166037983e-05,0.00408935546875,270.0,0.0,0.0,2304.0,14.0,0.6113537117903967,3023.0,13.0,0.4318936877076407
96000,90,ee,700,legacy,62.81885458005539,-1.994788141115953,20.119613563487533,6.4067214562657275,-2.032415950028841,4.521442470850508,0.15994203090667725,-5.345919893847572e-06,0.006127119064331055,486.0,216.0,80.0,3409.0,1119.0,48.8646288209607,4611.0,1601.0,53.18936877076412
96000,90,ee,700,synchronous,0.002583967132923221,-53.313892895317245,0.6002240918327624,0.5911642548795124,0.5168841119398181,1.0446156698051021,0.13665997982025146,2.1420237090852527e-05,0.0035561323165893555,270.0,0.0,0.0,2284.0,-6.0,-0.26200873362445254,3017.0,7.0,0.23255813953488857
96000,90,ee,700,spectral,0.0023263091927983462,-48.017862351691065,9.213518061713408,4.61897732730782,-2.4690737990429255,1.2137922940173427,0.160003662109375,1.6782465908262464e-05,0.00408935546875,318.0,48.0,17.777777777777782,2480.0,190.0,8.296943231441055,4397.0,1387.0,46.0797342192691
96000,90,oo,-700,legacy,-98.60681117729867,-7.792947279684046,13.69660067721093,11.392122049424948,-1.7797249033964335,5.304059757193805,0.15996956825256348,-9.29678769575225e-05,0.002138853073120117,207.0,-93.0,-31.000000000000007,592.0,-278.0,-31.95402298850575,1551.0,-689.0,-30.75892857142857
96000,90,oo,-700,synchronous,0.0019241918223796817,-52.4477400203627,3.2778185557503807,3.2586214601791696,-0.3896656526034445,2.1830147834331277,0.19585275650024414,4.4849119666549894e-05,0.00393068790435791,307.0,7.0,2.333333333333343,880.0,10.0,1.1494252873563315,2257.0,17.0,0.7589285714285632
96000,90,oo,-700,spectral,0.0009864054456703104,-47.67146485041205,9.651203824356655,8.253495914817607,-0.20169981769790402,2.242026853952393,0.19120681285858154,1.1116653266880247e-05,0.004136919975280762,280.0,-20.0,-6.666666666666665,812.0,-58.0,-6.666666666666665,1762.0,-478.0,-21.339285714285715
96000,90,oo,-100,legacy,-13.035567804604945,-49.727325850544766,5.462037447246288,5.043391392079678,-1.4522309765289618,6.331687328870266,0.15999996662139893,-5.0985349549187556e-05,0.003024578094482422,297.0,-3.0,-1.0000000000000009,829.0,-41.0,-4.712643678160921,2131.0,-109.0,-4.866071428571428
96000,90,oo,-100,synchronous,-0.0008446541440650063,-52.542638169708304,3.462720649530928,3.4442691316720637,-0.26092836217476484,2.5193735675627345,0.16469156742095947,4.903655499219895e-06,0.00330507755279541,293.0,-7.0,-2.3333333333333317,883.0,13.0,1.4942528735632177,2253.0,13.0,0.5803571428571352
96000,90,oo,-100,spectral,-0.0008801780982975261,-52.60961423708985,5.683898315883922,5.6391539894286415,-0.49999379419724344,2.3659108651523617,0.16075611114501953,6.6003306872314875e-06,0.003204345703125,293.0,-7.0,-2.3333333333333317,856.0,-14.0,-1.6091954022988464,2198.0,-42.0,-1.8750000000000044
96000,90,oo,25,legacy,4.359345384291905,-50.70531574167152,4.39650316574343,4.221235139982846,-3.3038895525600323,4.831487425937047,0.15984463691711426,9.591653943061828e-06,0.003247380256652832,330.0,30.0,10.000000000000009,893.0,23.0,2.643678160919549,2283.0,43.0,1.9196428571428559
96000,90,oo,25,synchronous,0.003976683057100311,-52.757283127642154,2.754139458449417,2.733767345961042,0.025968344839886224,1.5786854241204804,0.15899837017059326,4.44245400528113e-05,0.0031908750534057617,303.0,3.0,1.0000000000000009,877.0,7.0,0.8045977011494232,2257.0,17.0,0.7589285714285632
96000,90,oo,25,spectral,0.003935804721047764,-53.22562184855108,4.101757959738055,4.094186176961687,-0.6701069475009955,1.5885642561169586,0.160003662109375,2.9819771233532163e-05,0.003204345703125,300.0,0.0,0.0,873.0,3.0,0.34482758620688614,2253.0,13.0,0.5803571428571352
96000,90,oo,700,legacy,62.81884306836178,-2.91564825777765,14.596349068411557,6.489506331735583,-1.7920745964339346,4.142417663661477,0.15997111797332764,-4.6361879342132145e-06,0.004801392555236816,527.0,227.0,75.66666666666666,1318.0,448.0,51.49425287356322,3369.0,1129.0,50.40178571428571
96000,90,oo,700,synchronous,0.0026000787746921494,-52.97158296233407,1.7115864350837675,1.703234835391309,0.35722722423839454,1.2275258924972647,0.13419079780578613,3.804301843047142e-05,0.0028409957885742188,303.0,3.0,1.0000000000000009,873.0,3.0,0.34482758620688614,2247.0,7.0,0.31250000000000444
96000,90,oo,700,spectral,0.002316978089428008,-48.49971413081691,6.957557750599692,4.942185878892066,-2.2420544881895204,1.349865858257956,0.160003662109375,1.660912815067503e-05,0.003204345703125,333.0,33.0,11.00000000000001,885.0,15.0,1.724137931034475,3279.0,1039.0,46.38392857142857
96000,220,ah,-700,legacy,76.69803119616014,-12.77540609577075,12.650054329957525,4.860872976363539,-0.868958788294071,1.700449709374237,0.15994155406951904,0.00010734805837273598,0.00598752498626709,480.99999999999994,-249.00000000000006,-34.1095890410959,733.0,-357.0,-32.75229357798165,1635.0,-805.0,-32.99180327868852
96000,220,ah,-700,synchronous,-0.0005748014495200615,-52.54971570595163,3.0865466248288116,3.0389757558829125,-0.6177062805152888,0.5623253476472402,0.18917596340179443,3.751427142156495e-05,0.010863900184631348,701.0,-29.0,-3.9726027397260277,1109.0,19.0,1.7431192660550376,2437.0,-3.0,-0.12295081967212962
96000,220,ah,-700,spectral,-0.0005571753265928599,-53.033565833371185,9.12776775431683,5.383203727416175,0.9041341394262585,0.3670861700509106,0.16857874393463135,-2.318501058552e-05,0.00897216796875,668.0,-62.0,-8.493150684931505,1090.0,0.0,0.0,1685.0,-755.0,-30.942622950819676
96000,220,ah,-100,legacy,11.100397284151368,-50.710811210577056,3.4155316191991916,1.6967861659590748,-0.7323731235887929,2.313772974093202,0.15996158123016357,7.549640205171373e-06,0.008466958999633789,677.0,-53.0,-7.260273972602738,1037.0,-53.0,-4.8623853211009145,2310.0,-130.0,-5.327868852459017
96000,220,ah,-100,synchronous,0.00023627783812175019,-52.267376277328985,2.683782720919846,2.413953885921018,-0.4937214885159383,0.4453906235061445,0.15908002853393555,-7.5069256126880646e-06,0.009128451347351074,703.0,-27.0,-3.698630136986303,1077.0,-13.0,-1.1926605504587129,2503.0,63.0,2.581967213114744
96000,220,ah,-100,spectral,0.00027801418641942876,-52.93471854946297,2.2719900530963737,1.1462593265089984,-0.06455429750749413,0.4701871503879263,0.1650615930557251,-3.097280859947205e-05,0.00897216796875,704.0,-26.0,-3.561643835616435,1060.0,-30.0,-2.752293577981646,2345.0,-95.0,-3.8934426229508157
96000,220,ah,25,legacy,-4.331603107116405,-52.3466926829088,3.0533195486130476,2.8946203440105203,-1.4731930909800162,1.649692020456641,0.159845232963562,-2.1975398477580812e-05,0.00908517837524414,717.0,-13.0,-1.7808219178082174,1117.0,27.0,2.477064220183478,2504.0,64.0,2.6229508196721207
96000,220,ah,25,synchronous,0.0002413154229352158,-52.58467345267025,2.324850919173855,2.3079093967385944,0.003528736677397627,0.686362942096322,0.1597588062286377,-4.484572137395541e-05,0.008992552757263184,738.0,8.0,1.0958904109588996,1099.0,9.0,0.8256880733944927,2443.0,3.0,0.12295081967212962
96000,220,ah,25,spectral,0.00025512111065761157,-53.28130186919299,0.5643668678404962,0.5087710468276542,-0.6678209906999834,0.6984325478505635,0.160003662109375,-6.0955248773098e-06,0.00897216796875,737.0,7.0,0.9589041095890316,1093.0,3.0,0.2752293577981568,2450.0,10.0,0.4098360655737654
96000,220,ah,700,legacy,-53.15104335571959,-7.720738967807845,15.573791544693043,6.0286518635384745,-0.8749927699306747,1.5337697144048819,0.15993964672088623,4.59172452489535e-06,0.013427138328552246,1029.0,299.0,40.95890410958904,1656.0,566.0,51.926605504587165,3819.0,1379.0,56.516393442622956
96000,220,ah,700,synchronous,0.0004910129329543789,-52.655305789141224,2.3691612124044066,2.3201657972125775,-0.17429620143629398,0.37906090061966824,0.12482178211212158,2.749637183215883e-05,0.0071370601654052734,734.0,4.0,0.5479452054794498,1070.0,-20.0,-1.834862385321101,2428.0,-12.0,-0.4918032786885296
96000,220,ah,700,spectral,0.0005826730138882224,-52.62307484569675,8.138484077149974,4.474594340696975,-3.8219531117895356,0.4004066162329153,0.160003662109375,8.945388512478934e-06,0.00897216796875,818.9999999999999,88.99999999999989,12.191780821917785,1166.0,76.0,6.972477064220173,3510.0,1070.0,43.85245901639345
96000,220,ee,-700,legacy,76.69809273053555,-5.438484015223,16.20193349062413,1.5470878948322015,-2.525558200031851,5.096765831227082,0.15994524955749512,-8.154975043402779e-06,0.0024241209030151367,186.0,-84.0,-31.11111111111111,1520.0,-770.0,-33.624454148471614,2003.0,-1007.0,-33.45514950166113
96000,220,ee,-700,synchronous,-0.0006670922535021968,-52.837818970597404,1.3737646407393855,1.2050990657282352,-1.1651095844009258,0.44345582957392826,0.19585168361663818,-2.0354268037610585e-05,0.004450082778930664,257.0,-13.0,-4.814814814814817,2270.0,-20.0,-0.8733624454148492,3033.0,23.0,0.7641196013288942
96000,220,ee,-700,spectral,-0.0006632691850109864,-52.85876713045583,9.40448968667443,4.0299739272902295,-0.6436924863082922,0.2808783747041625,0.17135846614837646,3.1543727964162826e-05,0.003662109375,202.0,-68.0,-25.185185185185187,1856.0,-434.0,-18.951965065502186,2417.0,-593.0,-19.700996677740868
96000,220,ee,-100,legacy,11.10039656552119,-49.23747037332647,4.026766022386878,1.5315941985694028,-2.0273340629083156,9.173423195230722,0.1599419116973877,-2.9419277691178853e-05,0.003437638282775879,273.0,3.0,1.1111111111111072,2147.0,-143.0,-6.2445414847161596,2827.0,-183.0,-6.079734219269106
96000,220,ee,-100,synchronous,0.0002915445801351354,-52.853430970674026,1.7307767181278952,1.2865214619524357,-0.2652427507775181,0.37336384721687776,0.1646900177001953,-2.0455556611220043e-05,0.0037366151809692383,260.0,-10.0,-3.703703703703709,2350.0,60.0,2.6200873362445476,3030.0,20.0,0.6644518272425293
96000,220,ee,-100,spectral,0.00027820133082199263,-52.9872499743978,2.4983570144972838,1.4610194485528738,-0.16030311715292525,0.34638765045459563,0.16510868072509766,-0.00021817557099792692,0.003662109375,257.0,-13.0,-4.814814814814817,2200.0,-90.0,-3.9301310043668103,2937.0,-73.0,-2.4252491694352174
96000,220,ee,25,legacy,-4.33160128070324,-49.063859943796515,2.8618642118429767,2.6785126206335925,-5.145503167568969,7.795761928045007,0.15978074073791504,0.00018771638265914386,0.0036995410919189453,310.0,40.0,14.814814814814813,2297.0,7.0,0.30567685589519833,3026.0,16.0,0.5315614617940279
96000,220,ee,25,synchronous,0.0002281538413219569,-53.312866791015026,1.0998743104161726,0.8494273520708346,0.051604629134866555,0.3013394777047774,0.159002423286438,-2.2824973695807986e-05,0.0036535263061523438,273.0,3.0,1.1111111111111072,2313.0,23.0,1.0043668122270644,3033.0,23.0,0.7641196013288942
96000,220,ee,25,spectral,0.00025751095694039576,-53.39405607156202,0.9771036720051426,0.4741730977168641,-0.6688439297963007,0.30029257220388395,0.160003662109375,6.603300157520506e-05,0.003662109375,273.0,3.0,1.1111111111111072,2316.0,26.0,1.1353711790393017,3043.0,33.0,1.09634551495017
96000,220,ee,700,legacy,-53.15102356695479,-0.3329463079567319,20.10198676248093,5.9092291957305,-2.5129279955960913,4.956445251989756,0.1599583625793457,-1.55982520017359e-05,0.005440950393676758,486.0,216.0,80.0,3362.0,1072.0,46.8122270742358,4397.0,1387.0,46.0797342192691
96000,220,ee,700,synchronous,0.0005768265819314762,-52.74238574415428,2.052910287272549,1.0365657755849305,-3.5598633207156603,0.17557904700369664,0.10495734214782715,4.807289275858137e-05,0.0035446882247924805,263.0,-7.0,-2.592592592592591,2220.0,-70.0,-3.056768558951961,3053.0,43.0,1.4285714285714235
96000,220,ee,700,spectral,0.0005924363464729277,-51.91117863907505,10.189062651560409,4.161772497865726,-1.3097343231541112,0.17008854655898253,0.160003662109375,0.00011333262133929465,0.003662109375,355.0,85.0,31.481481481481488,2733.0,443.0,19.344978165938876,4451.0,1441.0,47.87375415282391
96000,220,oo,-700,legacy,76.69810231400398,-6.176286228352264,11.825194739598537,7.5485961340477985,-2.294982925212544,4.610547140483783,0.15998685359954834,-4.394473921921518e-05,0.002953648567199707,210.0,-90.0,-30.000000000000004,580.0,-290.0,-33.333333333333336,1505.0,-735.0,-32.8125
96000,220,oo,-700,synchronous,-0.0006403604559846761,-51.146319276065114,3.8530048469031204,3.6975374929508065,-1.027483482689004,0.5586204489784592,0.19585299491882324,9.419036408265431e-06,0.00542604923248291,343.0,43.0,14.333333333333332,903.0,33.0,3.7931034482758585,2253.0,13.0,0.5803571428571352
96000,220,oo,-700,spectral,-0.0006587226536423507,-52.78671280427766,10.328789790711093,7.287000611220593,0.5067100392491611,0.4982413346034378,0.20443415641784668,3.5533311052454844e-05,0.005042910575866699,220.0,-80.0,-26.66666666666667,679.0,-191.0,-21.95402298850575,1535.0,-705.0,-31.473214285714292
96000,220,oo,-100,legacy,11.100396421770789,-49.32634596245333,3.8332392001465743,2.809855431877931,-1.8546169803648676,7.638090603403475,0.15997469425201416,-3.27288918197155e-05,0.004176616668701172,305.0,5.0,1.6666666666666607,806.0,-64.0,-7.35632183908046,2105.0,-135.0,-6.02678571428571
96000,220,oo,-100,synchronous,0.00047691512045199713,-51.27570927821624,3.3416193428989254,3.27092731061245,-0.26794605483259837,0.4721591825741575,0.16469192504882812,-6.587703608804278e-05,0.004542112350463867,293.0,-7.0,-2.3333333333333317,897.0,27.0,3.103448275862064,2253.0,13.0,0.5803571428571352
96000,220,oo,-100,spectral,0.0002785378958263464,-52.94500153082655,4.337438244283413,3.802209063983264,-0.16655509257659534,0.4389917088216321,0.16689062118530273,-0.0001345128710899088,0.0045479536056518555,288.0,-12.0,-4.0000000000000036,839.0,-31.0,-3.563218390804601,2131.0,-109.0,-4.866071428571428
96000,220,oo,25,legacy,-4.331601778725972,-49.69075821810574,2.868874501268055,2.659401732697215,-4.515518561051064,6.366278077114671,0.15982580184936523,0.00014609671922193634,0.004484295845031738,343.0,43.0,14.333333333333332,847.0,-23.0,-2.643678160919538,2253.0,13.0,0.5803571428571352
96000,220,oo,25,synchronous,8.097051975592765e-05,-51.629572204472574,3.8727450444432407,3.8103703391022914,0.044702270663051935,0.6336929523742472,0.1590099334716797,-2.9557204494873683e-05,0.004431724548339844,307.0,7.0,2.333333333333343,867.0,-3.0,-0.34482758620689724,2283.0,43.0,1.9196428571428559
96000,220,oo,25,spectral,0.0002578205578149456,-53.334698130830716,2.0920400636870937,2.08198686616036,-0.6618029358197282,0.6412179791950772,0.160003662109375,5.007134543524848e-05,0.004425048828125,303.0,3.0,1.0000000000000009,877.0,7.0,0.8045977011494232,2253.0,13.0,0.5803571428571352
96000,220,oo,700,legacy,-53.1510240331303,-1.072537363235607,13.942139240593947,6.024587888176257,-2.284858636715871,4.287998360978358,0.1599712371826172,-2.260735465420617e-05,0.00662994384765625,540.0,240.0,80.0,1192.0,322.0,37.011494252873554,3319.0,1079.0,48.16964285714285
96000,220,oo,700,synchronous,0.000614989827520443,-50.6049778758007,2.3204554020582213,0.9323329101017185,-3.1362372183687723,0.32331441468623046,0.11042201519012451,5.10419760313299e-05,0.003659367561340332,400.0,100.0,33.33333333333333,933.0,63.0,7.241379310344831,2240.0,0.0,0.0
96000,220,oo,700,spectral,0.0005953182180581429,-52.30482730585378,8.592831679610931,4.48640761308903,-0.5283926630236986,0.23679634042748693,0.160003662109375,9.805820054478116e-05,0.004425048828125,350.0,50.0,16.666666666666675,1158.0,288.0,33.10344827586207,3409.0,1169.0,52.18750000000001
96000,660,ah,-700,legacy,13.021124914611086,-16.728845211170555,12.213788725769096,2.7731560541477194,-0.8437918746451895,1.3359842843763103,0.15996909141540527,0.0001444480319817861,0.005621910095214844,371.99999999999994,-358.00000000000006,-49.04109589041097,677.0,-413.0,-37.88990825688073,1652.0,-788.0,-32.295081967213115
96000,660,ah,-700,synchronous,-0.0006098678949318185,-52.91684563331772,7.562471621928733,6.384601987043257,-1.2559150882258763,0.27544197555854627,0.19585251808166504,-4.285385832190514e-05,0.00949561595916748,627.0,-103.0,-14.109589041095894,1073.0,-17.0,-1.559633027522933,2853.0,413.0,16.926229508196712
96000,660,ah,-700,spectral,-0.0006082923380640328,-49.01646890062806,10.186951069528831,2.218102186983082,-0.029312495849302733,0.24660662880628761,0.1755748987197876,-0.00015019659366872576,0.0084228515625,455.5,-274.5,-37.6027397260274,1039.0,-51.0,-4.67889908256881,1801.0,-639.0,-26.18852459016393
96000,660,ah,-100,legacy,1.7704799204352384,-49.60279239761875,3.611945051499248,1.158736174178275,-0.7057228464102552,1.8791510308198132,0.15996718406677246,1.7780781620078616e-05,0.007950067520141602,569.0,-161.0,-22.05479452054795,1029.0,-61.0,-5.596330275229356,2353.0,-87.0,-3.5655737704918034
96000,660,ah,-100,synchronous,0.00027146311747159154,-52.73690055320161,8.329270357321791,3.285793078514428,-0.2882135134183635,0.07982259694426015,0.16469168663024902,7.607549842860963e-05,0.00786745548248291,644.9999999999999,-85.00000000000011,-11.64383561643837,1466.0,376.0,34.4954128440367,3403.0,963.0,39.467213114754095
96000,660,ah,-100,spectral,0.00027031718676871975,-52.49094036125043,3.1040086528343287,0.44758245840427924,-0.29353152769752233,0.07316702454645338,0.1625964641571045,-5.22630765206284e-05,0.0084228515625,530.0,-200.0,-27.397260273972602,1043.0,-47.0,-4.31192660550459,2303.0,-137.0,-5.6147540983606525
96000,660,ah,25,legacy,-0.5958659878234553,-52.4917171128005,3.1398449937983512,1.9149221912134178,-1.420419971045471,1.4519598702339973,0.1597844362258911,-7.443734755118688e-05,0.008536219596862793,674.9999999999999,-55.000000000000114,-7.534246575342484,1143.0,53.0,4.862385321100926,2793.0,353.0,14.467213114754095
96000,660,ah,25,synchronous,0.0002295077350141074,-53.18879467315186,5.282397647990614,4.698814477194702,0.054114628119949576,0.09130176601141862,0.1597130298614502,-6.278366264369753e-06,0.0085982084274292,342.0,-388.0,-53.15068493150685,954.0,-136.0,-12.477064220183486,2433.0,-7.0,-0.2868852459016358
96000,660,ah,25,spectral,0.00023427664414611677,-53.58037102728738,0.7879440956241285,0.24547562611494725,-0.5170274986665916,0.09374523479344705,0.160003662109375,-1.9235281894604364e-05,0.0084228515625,599.0,-131.0,-17.945205479452053,1135.0,45.0,4.128440366972486,2476.0,36.0,1.4754098360655776
96000,660,ah,700,legacy,-8.74625729121918,-15.546351975981842,13.66874757106678,3.3685135165461997,-0.8460327594602192,1.2242333446189158,0.15996098518371582,5.684650813539823e-05,0.012617349624633789,775.9999999999999,45.999999999999886,6.301369863013684,1236.0,146.0,13.394495412844032,3856.0,1416.0,58.03278688524589
96000,660,ah,700,synchronous,0.00038100801862059065,-53.079189440464766,4.962458341074882,3.0339021517726246,-4.033792111398337,0.06751721183640148,0.09971082210540771,-2.8489283803436492e-05,0.0066612958908081055,988.9999999999999,258.9999999999999,35.4794520547945,1476.0,386.0,35.412844036697244,2759.0,319.0,13.073770491803272
96000,660,ah,700,spectral,0.00038153229846241805,-50.10241294856739,7.923176114572099,1.4121684404274697,-2.2935681373985024,0.20976236961766698,0.160003662109375,-4.562156067954169e-06,0.008608579635620117,988.9999999999999,258.9999999999999,35.4794520547945,1646.0,556.0,51.0091743119266,3636.0,1196.0,49.01639344262294
96000,660,ee,-700,legacy,13.02112499205992,-13.61809101628802,15.07685532975809,1.2127452105968843,-1.027619740804757,1.6697942511288062,0.15987169742584229,-8.023756245772044e-05,0.007862210273742676,256.0,-14.0,-5.185185185185182,1583.0,-707.0,-30.87336244541484,2040.0,-970.0,-32.22591362126246
96000,660,ee,-700,synchronous,-0.0006109871178964296,-52.97972698749281,5.357516806443511,4.647097813368315,-1.5167075084238757,0.23207569364701341,0.19585072994232178,-4.79846302833822e-05,0.014314889907836914,121.5,-148.5,-55.00000000000001,2376.0,86.0,3.7554585152838493,2950.0,-60.0,-1.9933554817275767
96000,660,ee,-700,spectral,-0.000608643712494521,-49.92773363042875,9.25081942540063,3.5987822729956314,0.07360357822696163,0.24096916170676685,0.21390843391418457,4.520999060736762e-05,0.01519620418548584,121.5,-148.5,-55.00000000000001,1860.0,-430.0,-18.777292576419214,2453.0,-557.0,-18.50498338870432
96000,660,ee,-100,legacy,1.7704799310026529,-49.6288826548829,2.8587177945729536,1.065390655998916,-0.8550361493022812,2.4035000184413664,0.15991806983947754,-1.9864727639489703e-05,0.011116862297058105,396.0,126.0,46.66666666666666,2240.0,-50.0,-2.183406113537123,2883.0,-127.0,-4.219269102990031
96000,660,ee,-100,synchronous,0.0002712849137021334,-52.86624759528757,8.910436059134334,8.670878938597088,-0.4141881451018621,0.08334836574986826,0.16469132900238037,3.72723386519485e-05,0.011996626853942871,436.0,166.0,61.481481481481495,2227.0,-63.0,-2.751091703056774,2963.0,-47.0,-1.561461794019936
96000,660,ee,-100,spectral,0.00027050663840766023,-52.856485080858334,2.6361486355375936,0.7647600013439312,-0.4295777432183698,0.09733080999023302,0.16430878639221191,-1.634940505027771e-05,0.011884689331054688,121.5,-148.5,-55.00000000000001,2193.0,-97.0,-4.235807860262009,2893.0,-117.0,-3.8870431893687662
96000,660,ee,25,legacy,-0.5958659971801681,-52.1358336404369,3.4354973275472176,1.5759740474291204,-1.7526712017276622,1.7707002468587405,0.15978598594665527,8.4188145895799e-06,0.011929869651794434,483.0,213.0,78.8888888888889,2467.0,177.0,7.729257641921405,3143.0,133.0,4.418604651162794
96000,660,ee,25,synchronous,0.00023127045724486244,-53.241118554109875,1.9580555071066335,1.8904477661179246,0.05022573059183948,0.1294051040921106,0.15900564193725586,3.5262625250551435e-06,0.01209557056427002,303.0,33.0,12.222222222222223,2313.0,23.0,1.0043668122270644,3037.0,27.0,0.8970099667774178
96000,660,ee,25,spectral,0.00023423988444754837,-53.42258899480648,0.778368418728566,0.07598415908077537,-0.5533911213049147,0.12724645795914424,0.160003662109375,4.742003149456448e-05,0.01177978515625,316.0,46.0,17.037037037037027,2323.0,33.0,1.4410480349345,3053.0,43.0,1.4285714285714235
96000,660,ee,700,legacy,-8.746257450759211,-9.59006666408129,23.316599620995206,3.879621677231839,-1.0301949074262682,1.5114419806416541,0.15987062454223633,-1.0606650676992204e-05,0.01763153076171875,486.0,216.0,80.0,3773.0,1483.0,64.75982532751092,4701.0,1691.0,56.17940199335547
96000,660,ee,700,synchronous,0.0003807974478325448,-52.92205230390627,3.04152432984775,1.3139196796736505,-4.728146964992644,0.1486551236450048,0.1206502914428711,-2.194077190425661e-05,0.01211392879486084,486.0,216.0,80.0,2197.0,-93.0,-4.061135371179036,3087.0,77.0,2.55813953488373
96000,660,ee,700,spectral,0.0003835737401095106,-48.84463466502695,10.789183272488133,3.3256918918148153,-0.5415323585113327,0.21608620339185264,0.160003662109375,4.182147483030955e-05,0.01177978515625,486.0,216.0,80.0,2628.0,338.0,14.759825327510923,4344.0,1334.0,44.31893687707642
96000,660,oo,-700,legacy,13.021124816903349,-17.0555667616919,9.06540914273106,2.555438894315097,-0.8332803338445682,1.3291600086684796,0.15997850894927979,-0.00012026362535026338,0.0050313472747802734,262.0,-38.0,-12.666666666666671,573.0,-297.0,-34.13793103448276,1545.0,-695.0,-31.026785714285708
96000,660,oo,-700,synchronous,-0.0005945864134862903,-51.807139182983434,8.729142886078636,7.378854610349483,-1.1948895354150166,0.2933879285732581,0.1958523988723755,-6.234890677862698e-05,0.008536100387573242,135.0,-165.0,-55.00000000000001,977.0,107.0,12.298850574712649,2387.0,147.0,6.562500000000004
96000,660,oo,-700,spectral,-0.0006075185077069467,-48.97575388296106,8.660941558515313,3.417913381741159,0.13007191729480014,0.2644436272963124,0.16470599174499512,8.647774863574239e-05,0.007537841796875,440.0,140.0,46.66666666666666,1116.0,246.0,28.27586206896551,1843.0,-397.0,-17.723214285714285
96000,660,oo,-100,legacy,1.770479913967987,-49.60076019870151,2.249074240314419,1.400200765004837,-0.694661594034147,1.8729892926856095,0.15999174118041992,-2.3274034675624637e-05,0.007114887237548828,395.0,95.0,31.666666666666664,817.0,-53.0,-6.09195402298851,2190.0,-50.0,-2.2321428571428603
96000,660,oo,-100,synchronous,0.00032160945588307905,-51.89893036235894,7.930127952954628,4.503427707413964,-0.27138199403037805,0.0629780606745132,0.16469132900238037,6.123605908619033e-05,0.007023215293884277,540.0,240.0,80.0,1085.0,215.0,24.71264367816093,3489.0,1249.0,55.75892857142857
96000,660,oo,-100,spectral,0.00027070489575211384,-52.55739261377974,1.9014274676455103,0.620848559844586,-0.2611383585840889,0.0663589584424558,0.16229009628295898,2.4324812822871736e-05,0.007537841796875,322.0,22.0,7.333333333333325,847.0,-23.0,-2.643678160919538,2123.0,-117.0,-5.223214285714284
96000,660,oo,25,legacy,-0.5958659979446406,-52.51248059340807,3.3111030859250383,2.1781667846366983,-1.396631202774754,1.4145745181929374,0.15980029106140137,2.9249733520878685e-05,0.0076400041580200195,332.0,32.0,10.666666666666668,820.0,-50.0,-5.747126436781613,2400.0,160.0,7.14285714285714
96000,660,oo,25,synchronous,0.00022857128067156512,-52.32191618040758,6.7048675872855,6.489887802641583,0.0523873573657008,0.07546500759947421,0.159013032913208,1.4876147939099206e-05,0.0076999664306640625,135.0,-165.0,-55.00000000000001,877.0,7.0,0.8045977011494232,2307.0,67.0,2.9910714285714235
96000,660,oo,25,spectral,0.0002342023716875786,-53.53123929284241,0.7124943727723627,0.3904832610965151,-0.523127844792748,0.08099141122919606,0.160003662109375,5.498456872171826e-05,0.007537841796875,309.0,9.0,3.0000000000000027,873.0,3.0,0.34482758620688614,2280.0,40.0,1.7857142857142794
96000,660,oo,700,legacy,-8.746257361171642,-16.49622925734586,12.571579059482163,2.5984426062364903,-0.8342909542116961,1.2149369315114753,0.1599874496459961,-3.371243675549825e-05,0.01129162311553955,232.0,-68.0,-22.666666666666668,1091.0,221.0,25.402298850574724,3743.0,1503.0,67.09821428571428
96000,660,oo,700,synchronous,0.0003877078834626755,-51.33092949370992,4.50316946851643,4.156206005372191,-3.677907748873215,0.06825552800056581,0.10471582412719727,-3.360443024171723e-05,0.006694793701171875,540.0,240.0,80.0,1077.0,207.0,23.793103448275854,2256.0,16.0,0.7142857142857117
96000,660,oo,700,spectral,0.0003871032163434597,-48.39689696532051,7.9322859303906865,1.4497536439236454,-2.5551595661769233,0.26207235943592927,0.160003662109375,3.238094142741627e-05,0.007839322090148926,540.0,240.0,80.0,1125.0,255.0,29.31034482758621,3403.0,1163.0,51.919642857142854
